megadbid,reg_id,year,plot_use,matchto,origplotno,area,wilderns,roundno,year,sampleno,labbatch,scicode,fieldrep,labrep,colldate,hg_ppb,lab,,
3217,6,2009,CRG06,CRG06,,Columbia River Gorge NSA,,2000-2009,2009,R6_2009093,P084 09-10,Evepru,1,1,7/1/2009,63.89301624,UMN_RAL,,
3217,6,2009,CRG06,CRG06,,Columbia River Gorge NSA,,2000-2009,2009,R6_2009093,P084 09-10,Evepru,1,2,7/1/2009,64.37794845,UMN_RAL,,
106859,6,2013,CRG531,CRG531,,Columbia River Gorge NSA,,2010-2019,2013,R6_2013162,P045 13-14,Plagla,1,1,6/12/2013,67.31,UMN_RAL,,
106828,6,2013,CRG57,CRG57,,Columbia River Gorge NSA,,2010-2019,2013,R6_2013159,P045 13-14,Plagla,1,1,6/10/2013,69.94,UMN_RAL,,
3976,6,2006,PepMtC,PepMt,,Columbia River Gorge NSA,,2000-2009,2006,R6_2006587,P071 05-06,Plagla,1,1,5/4/2006,71.8,UMN_RAL,,
107294,6,2013,CRG38,CRG38,,Columbia River Gorge NSA,,2010-2019,2013,R6_2013117,P045 13-14,Plagla,1,1,6/12/2013,72.89,UMN_RAL,,
106842,6,2013,ARM106,ARM106,,Columbia River Gorge NSA,,2010-2019,2013,R6_2013156,P045 13-14,Plagla,1,2,6/19/2013,74.11,UMN_RAL,,
106842,6,2013,ARM106,ARM106,,Columbia River Gorge NSA,,2010-2019,2013,R6_2013156,P045 13-14,Plagla,1,1,6/19/2013,75.27,UMN_RAL,,
106824,6,2013,CRG09,CRG09,,Columbia River Gorge NSA,,2010-2019,2013,R6_2013019,P045 13-14,Plagla,1,1,6/18/2013,79.04,UMN_RAL,,
106860,6,2013,CRG538,CRG538,,Columbia River Gorge NSA,,2010-2019,2013,R6_2013066,P045 13-14,Plagla,1,1,6/25/2013,86.69,UMN_RAL,,
3975,6,2006,PepMtB,PepMt,,Columbia River Gorge NSA,,2000-2009,2006,R6_2006569,P071 05-06,Plagla,1,3,9/21/2006,86.7,UMN_RAL,,
106821,6,2013,CRG536,CRG536,,Columbia River Gorge NSA,,2010-2019,2013,R6_2013154,P045 13-14,Plagla,1,1,6/17/2013,87.31,UMN_RAL,,
3504,6,2008,HermanCkG,HermanCk,,Columbia River Gorge NSA,,2000-2009,2008,R6_2008110,P004 08-09,Plagla,2,2,9/27/2008,89.91,UMN_RAL,,
3504,6,2008,HermanCkG,HermanCk,,Columbia River Gorge NSA,,2000-2009,2008,R6_2008110,P004 08-09,Plagla,2,1,9/27/2008,89.95,UMN_RAL,,
2809,6,2008,7MHPipoG,7MHPipo,,Columbia River Gorge NSA,,2000-2009,2008,R6_2008113,P004 08-09,Plagla,1,1,9/27/2008,91.25,UMN_RAL,,
3498,6,2005,HermanCkA,HermanCk,,Columbia River Gorge NSA,,2000-2009,2005,R6_2005015,P071 05-06,Plagla,1,1,10/4/2005,91.5,UMN_RAL,,
3410,6,2009,CRG82,CRG82,,Columbia River Gorge NSA,,2000-2009,2009,R6_2009123,P084 09-10,Plagla,1,1,7/7/2009,93.32169658,UMN_RAL,,
106850,6,2013,CRG30,CRG30,,Columbia River Gorge NSA,,2010-2019,2013,R6_2013158,P045 13-14,Plagla,1,1,6/10/2013,93.45,UMN_RAL,,
106835,6,2013,ARM162LG,ARM162,,Columbia River Gorge NSA,,2010-2019,2013,R6_2013120,P045 13-14,Plagla,1,1,6/13/2013,95.72,UMN_RAL,,
106835,6,2013,ARM162LG,ARM162,,Columbia River Gorge NSA,,2010-2019,2013,R6_2013120,P045 13-14,Plagla,1,2,6/13/2013,97.03,UMN_RAL,,
106825,6,2013,ARM113,CRG13,,Columbia River Gorge NSA,,2010-2019,2013,R6_2013017,P045 13-14,Plagla,2,1,6/18/2013,97.83,UMN_RAL,,
106860,6,2013,CRG538,CRG538,,Columbia River Gorge NSA,,2010-2019,2013,R6_2013066,P045 13-14,Plagla,1,2,6/25/2013,98.06,UMN_RAL,,
106834,6,2013,CRG526,CRG526,,Columbia River Gorge NSA,Mark O. Hatfield Wilderness,2010-2019,2013,R6_2013053,P045 13-14,Plagla,1,1,6/25/2013,99.05,UMN_RAL,,
2809,6,2008,7MHPipoG,7MHPipo,,Columbia River Gorge NSA,,2000-2009,2008,R6_2008112,P004 08-09,Plagla,2,1,9/27/2008,101.04,UMN_RAL,,
106854,6,2013,CRG68,CRG68,,Columbia River Gorge NSA,,2010-2019,2013,R6_2013014,P045 13-14,Plagla,1,1,6/19/2013,102.3,UMN_RAL,,
3504,6,2008,HermanCkG,HermanCk,,Columbia River Gorge NSA,,2000-2009,2008,R6_2008111,P004 08-09,Plagla,1,1,9/27/2008,105.4,UMN_RAL,,
106849,6,2013,CRG28-N,CRG28,,Columbia River Gorge NSA,,2010-2019,2013,R6_2013119,P045 13-14,Plagla,1,1,6/11/2013,109.11,UMN_RAL,,
3975,6,2006,PepMtB,PepMt,,Columbia River Gorge NSA,,2000-2009,2006,R6_2006569,P071 05-06,Plagla,1,2,9/21/2006,110.2,UMN_RAL,,
106854,6,2013,CRG68,CRG68,,Columbia River Gorge NSA,,2010-2019,2013,R6_2013014,P045 13-14,Plagla,1,2,6/19/2013,110.46,UMN_RAL,,
3976,6,2006,PepMtC,PepMt,,Columbia River Gorge NSA,,2000-2009,2006,R6_2006587,P071 05-06,Plagla,1,2,5/4/2006,111.4,UMN_RAL,,
106855,6,2013,CRG73-N,CRG73,,Columbia River Gorge NSA,,2010-2019,2013,R6_2013050,P045 13-14,Plagla,1,1,6/27/2013,111.72,UMN_RAL,,
4127,6,2006,TracyHillB,TracyHill,,Columbia River Gorge NSA,,2000-2009,2006,R6_2006590,P071 05-06,Plagla,1,1,5/3/2006,113.8,UMN_RAL,,
106848,6,2013,CRG23-N,CRG23,,Columbia River Gorge NSA,,2010-2019,2013,R6_2013153,P045 13-14,Plagla,1,1,6/12/2013,115.48,UMN_RAL,,
3670,6,2005,LoopRdA,LoopRd,,Columbia River Gorge NSA,,2000-2009,2005,R6_2005208,P071 05-06,Plagla,1,1,9/22/2005,115.8,UMN_RAL,,
106851,6,2013,CRG44,CRG44,,Columbia River Gorge NSA,,2010-2019,2013,R6_2013103,P045 13-14,Plagla/Plawhe,1,2,6/6/2013,119.12,UMN_RAL,,
2805,6,2006,7MHPipoC,7MHPipo,,Columbia River Gorge NSA,,2000-2009,2006,R6_2006600,P071 05-06,Plagla,1,1,9/29/2006,119.4,UMN_RAL,,
106855,6,2013,CRG73-N,CRG73,,Columbia River Gorge NSA,,2010-2019,2013,R6_2013050,P045 13-14,Plagla,1,2,6/27/2013,119.84,UMN_RAL,,
106846,6,2013,CRG20,CRG20,,Columbia River Gorge NSA,,2010-2019,2013,R6_2013051,P045 13-14,Plagla,1,1,6/28/2013,120.37,UMN_RAL,,
106851,6,2013,CRG44,CRG44,,Columbia River Gorge NSA,,2010-2019,2013,R6_2013103,P045 13-14,Plagla/Plawhe,1,1,6/6/2013,122.22,UMN_RAL,,
3975,6,2006,PepMtB,PepMt,,Columbia River Gorge NSA,,2000-2009,2006,R6_2006569,P071 05-06,Plagla,1,1,9/21/2006,124.8,UMN_RAL,,
106833,6,2013,CRG524,CRG524,,Columbia River Gorge NSA,,2010-2019,2013,R6_2013058,P045 13-14,Plagla,1,1,6/26/2013,128.85,UMN_RAL,,
108213,6,2015,HermanCk,HermanCk,,Columbia River Gorge NSA,,2010-2019,2015,R6_2015195,P102&127 15-16,Plagla,1,1,10/3/2015,129.23,UMN_RAL,,
106913,6,2013,CRG60AH,CRG60,,Columbia River Gorge NSA,,2010-2019,2013,R6_2013098,P045 13-14,Plawhe,1,1,6/4/2013,130.24,UMN_RAL,,
2811,6,2006,7MHPsmeB,7MHPsme,,Columbia River Gorge NSA,,2000-2009,2006,R6_2006591,P071 05-06,Plagla,1,1,5/10/2006,130.5,UMN_RAL,,
3992,6,2006,PostCanC,PostCan,,Columbia River Gorge NSA,,2000-2009,2006,R6_2006595,P071 05-06,Plagla,1,1,9/21/2006,130.5,UMN_RAL,,
106852,6,2013,CRG51,CRG51,,Columbia River Gorge NSA,,2010-2019,2013,R6_2013108,P045 13-14,Plagla,1,2,6/5/2013,131.29,UMN_RAL,,
106841,6,2013,CRG47,CRG47,,Columbia River Gorge NSA,,2010-2019,2013,R6_2013093,P045 13-14,Plagla,1,1,6/6/2013,142.2,UMN_RAL,,
106847,6,2013,CRG21-N,CRG21,,Columbia River Gorge NSA,,2010-2019,2013,R6_2013069,P045 13-14,Plagla,1,1,6/28/2013,143.6,UMN_RAL,,
3991,6,2006,PostCanB,PostCan,,Columbia River Gorge NSA,,2000-2009,2006,R6_2006558,P071 05-06,Plagla,1,2,5/11/2006,143.9,UMN_RAL,,
106841,6,2013,CRG47,CRG47,,Columbia River Gorge NSA,,2010-2019,2013,R6_2013093,P045 13-14,Plagla,1,2,6/6/2013,148.53,UMN_RAL,,
106831,6,2013,CRG519,CRG519,,Columbia River Gorge NSA,Mark O. Hatfield Wilderness,2010-2019,2013,R6_2013061,P045 13-14,Plagla,1,1,6/24/2013,148.76,UMN_RAL,,
3991,6,2006,PostCanB,PostCan,,Columbia River Gorge NSA,,2000-2009,2006,R6_2006558,P071 05-06,Plagla,1,1,5/11/2006,150.8,UMN_RAL,,
106858,6,2013,CRG521-N,CRG521,,Columbia River Gorge NSA,Mark O. Hatfield Wilderness,2010-2019,2013,R6_2013048,P045 13-14,Plagla,1,1,6/29/2013,151.72,UMN_RAL,,
3246,6,2009,CRG201,CRG201,,Columbia River Gorge NSA,,2000-2009,2009,R6_2009079,P084 09-10,Plagla,1,1,7/2/2009,156.3345752,UMN_RAL,,
106857,6,2013,CRG515,CRG515,,Columbia River Gorge NSA,,2010-2019,2013,R6_2013047,P045 13-14,Plagla,2,1,6/25/2013,162.27,UMN_RAL,,
3671,6,2006,LoopRdB,LoopRd,,Columbia River Gorge NSA,,2000-2009,2006,R6_2006599,P071 05-06,Letvul,1,1,5/3/2006,164,UMN_RAL,,
106830,6,2013,CRG534-N,CRG534,,Columbia River Gorge NSA,,2010-2019,2013,R6_2013001,P045 13-14,Plagla,1,1,6/12/2013,164.82,UMN_RAL,,
106857,6,2013,CRG515,CRG515,,Columbia River Gorge NSA,,2010-2019,2013,R6_2013045,P045 13-14,Plagla,1,2,6/25/2013,168.16,UMN_RAL,,
106857,6,2013,CRG515,CRG515,,Columbia River Gorge NSA,,2010-2019,2013,R6_2013045,P045 13-14,Plagla,1,1,6/25/2013,170.82,UMN_RAL,,
106851,6,2013,CRG44,CRG44,,Columbia River Gorge NSA,,2010-2019,2013,R6_2013109,P045 13-14,Letvul,1,1,6/6/2013,174.42,UMN_RAL,,
4002,6,2005,RatRidgeA,RatRidge,,Columbia River Gorge NSA,,2000-2009,2005,R6_2005029,P071 05-06,Plagla,1,1,9/20/2005,175.1,UMN_RAL,,
4003,6,2006,RatRidgeB,RatRidge,,Columbia River Gorge NSA,,2000-2009,2006,R6_2006570,P071 05-06,Plagla,1,1,9/22/2006,176,UMN_RAL,,
3500,6,2006,HermanCkC,HermanCk,,Columbia River Gorge NSA,,2000-2009,2006,R6_2006583,P071 05-06,Plagla,1,1,9/29/2006,182.5,UMN_RAL,,
3369,6,2009,CRG58,CRG58,,Columbia River Gorge NSA,,2000-2009,2009,R6_2009107,P084 09-10,Plagla,1,2,7/14/2009,189.432019,UMN_RAL,,
3369,6,2009,CRG58,CRG58,,Columbia River Gorge NSA,,2000-2009,2009,R6_2009107,P084 09-10,Plagla,1,1,7/14/2009,190.7892381,UMN_RAL,,
108216,6,2015,PostCan,PostCan,,Columbia River Gorge NSA,,2010-2019,2015,R6_2015197,P102&127 15-16,Plagla,1,1,10/4/2015,194.33,UMN_RAL,,
106829,6,2013,CRG55,CRG55,,Columbia River Gorge NSA,,2010-2019,2013,R6_2013115,P045 13-14,Plagla,2,1,6/11/2013,206.4,UMN_RAL,,
106829,6,2013,CRG55,CRG55,,Columbia River Gorge NSA,,2010-2019,2013,R6_2013115,P045 13-14,Plagla,2,2,6/11/2013,207.11,UMN_RAL,,
3672,6,2006,LoopRdC,LoopRd,,Columbia River Gorge NSA,,2000-2009,2006,R6_2006582,P071 05-06,Letvul,1,1,9/20/2006,208.9,UMN_RAL,,
4004,6,2006,RatRidgeC,RatRidge,,Columbia River Gorge NSA,,2000-2009,2006,R6_2006574,P071 05-06,Plagla,1,1,5/2/2006,211.1,UMN_RAL,,
106844,6,2013,CRG45,CRG45,,Columbia River Gorge NSA,,2010-2019,2013,R6_2013106,P045 13-14,Letvul,1,1,6/5/2013,214.82,UMN_RAL,,
3990,6,2005,PostCanA,PostCan,,Columbia River Gorge NSA,,2000-2009,2005,R6_2005166,P071 05-06,Plagla,1,1,9/27/2005,223.6,UMN_RAL,,
3377,6,2009,CRG62,CRG62,,Columbia River Gorge NSA,,2000-2009,2009,R6_2009112,P084 09-10,Letvul,1,1,7/14/2009,224.9807134,UMN_RAL,,
106852,6,2013,CRG51,CRG51,,Columbia River Gorge NSA,,2010-2019,2013,R6_2013105,P045 13-14,Letvul,1,1,6/5/2013,243.28,UMN_RAL,,
106827,6,2013,CRG507-N,CRG507,,Columbia River Gorge NSA,,2010-2019,2013,R6_2013011,P045 13-14,Letvul,1,1,6/19/2013,243.72,UMN_RAL,,
106827,6,2013,CRG507-N,CRG507,,Columbia River Gorge NSA,,2010-2019,2013,R6_2013011,P045 13-14,Letvul,1,2,6/19/2013,250.3,UMN_RAL,,
2812,6,2006,7MHPsmeC,7MHPsme,,Columbia River Gorge NSA,,2000-2009,2006,R6_2006572,P071 05-06,Plagla,2,1,9/20/2006,267.8,UMN_RAL,,
4128,6,2006,TracyHillC,TracyHill,,Columbia River Gorge NSA,,2000-2009,2006,R6_2006568,P071 05-06,Plagla,1,1,9/22/2006,270.8,UMN_RAL,,
4128,6,2006,TracyHillC,TracyHill,,Columbia River Gorge NSA,,2000-2009,2006,R6_2006568,P071 05-06,Plagla,1,2,9/22/2006,280.1,UMN_RAL,,
2812,6,2006,7MHPsmeC,7MHPsme,,Columbia River Gorge NSA,,2000-2009,2006,R6_2006572,P071 05-06,Plagla,2,2,9/20/2006,284.5,UMN_RAL,,
108212,6,2015,7MHPsme,7MHPsme,,Columbia River Gorge NSA,,2010-2019,2015,R6_2015191,P102&127 15-16,Plagla,1,1,9/26/2015,297.98,UMN_RAL,,
2804,6,2006,7MHPipoB,7MHPipo,,Columbia River Gorge NSA,,2000-2009,2006,R6_2006565,P071 05-06,Plagla,1,1,5/2/2006,334,UMN_RAL,,
3025,6,2009,ARM167,ARM167,,Columbia River Gorge NSA,,2000-2009,2009,R6_2009127,P084 09-10,Letvul,1,1,7/15/2009,342.3989533,UMN_RAL,,
106841,6,2013,CRG47,CRG47,,Columbia River Gorge NSA,,2010-2019,2013,R6_2013111,P045 13-14,Letvul,1,1,6/6/2013,366.25,UMN_RAL,,
2804,6,2006,7MHPipoB,7MHPipo,,Columbia River Gorge NSA,,2000-2009,2006,R6_2006565,P071 05-06,Plagla,1,2,5/2/2006,389.8,UMN_RAL,,
3025,6,2009,ARM167,ARM167,,Columbia River Gorge NSA,,2000-2009,2009,R6_2009129,P084 09-10,Letvul,1,1,7/15/2009,393.0708493,UMN_RAL,,
2803,6,2005,7MHPipoA,7MHPipo,,Columbia River Gorge NSA,,2000-2009,2005,R6_2005356,P071 05-06,Plagla,1,2,9/20/2005,659.5,UMN_RAL,,
2803,6,2005,7MHPipoA,7MHPipo,,Columbia River Gorge NSA,,2000-2009,2005,R6_2005356,P071 05-06,Plagla,1,1,9/20/2005,812.2,UMN_RAL,,
108226,14,2016,MMW_COLDLK,MMW_COLDLK,MissnM36,Flathead NF,Mission Mountains Wilderness,2010-2019,2016,R14_2015037,P077 16-17,Alesar,1,1,8/23/2016,115.21,UMN_RAL,,
108230,14,2016,MMW_GLACIER,MMW_GLACIER,MissnM33,Flathead NF,Mission Mountains Wilderness,2010-2019,2016,R14_2015043,P077 16-17,Letvul,1,1,8/25/2016,142.27,UMN_RAL,,
108227,14,2016,MMW_CRYSTAL_LKTH,MMW_CRYSTAL_LKTH,MissnM34,Flathead NF,Mission Mountains Wilderness,2010-2019,2016,R14_2015035,P077 16-17,Letvul,1,1,8/22/2016,144.76,UMN_RAL,,
108233,14,2015,30_SLVRTIP_2015,30_SLVRTIP,BobMar42,Flathead NF,Bob Marshall Wilderness,2010-2019,2015,R14_2015018,P077 16-17,Letvul,1,1,7/24/2015,208.21,UMN_RAL,,
3623,14,2008,Kali6,Kali6,,Flathead NF,,2000-2009,2008,R14_2008080,P004 08-09,Letvul,2,1,8/24/2008,215.62,UMN_RAL,,
3623,14,2008,Kali6,Kali6,,Flathead NF,,2000-2009,2008,R14_2008122,P004 08-09,Letvul,1,1,8/24/2008,234.3,UMN_RAL,,
108234,14,2015,30_MDWCRK_2015,30_MDWCRK,BobMar43,Flathead NF,Bob Marshall Wilderness,2010-2019,2015,R14_2015014,P077 16-17,Letvul,1,1,7/23/2015,258.42,UMN_RAL,,
104831,14,2011,30_SWANSAP_2011,30_SWANSAP,,Flathead NF,Bob Marshall Wilderness,2010-2019,2011,R14_2011109,,Letvul,1,1,8/30/2011,275.15,UMN_RAL,,
3619,14,2008,Kali2,Kali2,,Flathead NF,,2000-2009,2008,R14_2008086,P004 08-09,Plagla,1,1,8/23/2008,292.94,UMN_RAL,,
898,6,2007,70884 41 35,1032164,,Fremont-Winema NF,,2000-2009,2007,R6_2007099,P072 07-08,Letcol,1,1,6/23/2007,113.44,UMN_RAL,,
983,6,2007,52246 41 35,1042180,,Fremont-Winema NF,,2000-2009,2007,R6_2007090,P072 07-08,Letvul,1,1,6/24/2007,137.59,UMN_RAL,,
107916,6,2017,78094 41 35,1034148,,Fremont-Winema NF,Sky Lakes Wilderness,2010-2019,2017,R6_2017279,P064 17-18,Alesar,1,1,8/12/2017,139.094,UMN_RAL,,
862,6,2007,73715 41 35,1026168,,Fremont-Winema NF,,2000-2009,2007,R6_2007093,P072 07-08,Letvul,2,1,6/23/2007,142.66,UMN_RAL,,
862,6,2007,73715 41 35,1026168,,Fremont-Winema NF,,2000-2009,2007,R6_2007093,P072 07-08,Letvul,1,2,6/23/2007,148.96,UMN_RAL,,
829,6,2007,60606 41 35,1018148,,Fremont-Winema NF,Mountain Lakes Wilderness,2000-2009,2007,R6_2007101,P072 07-08,Letvul,1,1,6/22/2007,165.28,UMN_RAL,,
2449,6,2007,82269 41 35,2019146,,Fremont-Winema NF,,2000-2009,2007,R6_2007105,P072 07-08,Letvul,1,1,6/22/2007,176.28,UMN_RAL,,
853,6,2007,63335 41 35,1024172,,Fremont-Winema NF,,2000-2009,2007,R6_2007094,P072 07-08,Letvul,1,1,6/22/2007,179.92,UMN_RAL,,
853,6,2007,63335 41 35,1024172,,Fremont-Winema NF,,2000-2009,2007,R6_2007094,P072 07-08,Letvul,1,2,6/22/2007,184.57,UMN_RAL,,
853,6,2007,63335 41 35,1024172,,Fremont-Winema NF,,2000-2009,2007,R6_2007119,P072 07-08,Bryfre,1,1,6/22/2007,185.9,UMN_RAL,,
950,6,2010,79887 41 35,1038148,,Fremont-Winema NF,Sky Lakes Wilderness,2010-2019,2010,R6_2010020,P130  10-11,Letvul,2,2,7/22/2010,210.65,UMN_RAL,,
950,6,2010,79887 41 35,1038148,,Fremont-Winema NF,Sky Lakes Wilderness,2010-2019,2010,R6_2010020,P130  10-11,Letvul,2,1,7/22/2010,210.84,UMN_RAL,,
858,6,2010,85714 41 35,1026148,,Fremont-Winema NF,,2010-2019,2010,R6_2010005,P130  10-11,Letvul,1,1,7/29/2010,231.67,UMN_RAL,,
858,6,2010,85714 41 35,1026148,,Fremont-Winema NF,,2010-2019,2010,R6_2010005,P130  10-11,Letvul,1,2,7/29/2010,238.2,UMN_RAL,,
1104,6,2010,68457 41 35,1056160,,Fremont-Winema NF,Mount Thielsen Wilderness,2010-2019,2010,R6_2010033,P130  10-11,Letvul,1,1,7/20/2010,254.76,UMN_RAL,,
107906,6,2017,60606 41 35,1018148,,Fremont-Winema NF,Mountain Lakes Wilderness,2010-2019,2017,R6_2017283,P064 17-18,Letvul,1,1,8/14/2017,260.437,UMN_RAL,,
106887,6,2013,75967 41 35,1020148,,Fremont-Winema NF,Mountain Sky Wilderness,2010-2019,2013,R6_2013042,P045 13-14,Letvul,1,1,7/1/2013,262.84,UMN_RAL,,
872,6,2010,67025 41 35,1028152,,Fremont-Winema NF,,2010-2019,2010,R6_2010011,P130  10-11,Letvul,1,1,7/29/2010,271,UMN_RAL,,
106900,6,2013,94673 41 35,1026144,,Fremont-Winema NF,Sky Lakes Wilderness,2010-2019,2013,R6_2013031,P045 13-14,Letvul,1,1,7/4/2013,285.29,UMN_RAL,,
107909,6,2017,63335 41 35,1024172,,Fremont-Winema NF,,2010-2019,2017,R6_2017262,P064 17-18,Letvul,1,1,8/11/2017,299.797,UMN_RAL,,
1081,6,2010,75792 41 35,1054160,,Fremont-Winema NF,Mount Thielsen Wilderness,2010-2019,2010,R6_2010032,P130  10-11,Letvul,1,1,7/20/2010,307.36,UMN_RAL,,
1081,6,2010,75792 41 35,1054160,,Fremont-Winema NF,Mount Thielsen Wilderness,2010-2019,2010,R6_2010032,P130  10-11,Letvul,1,2,7/20/2010,309.09,UMN_RAL,,
106916,6,2013,84353 41 35,1036148,,Fremont-Winema NF,Sky Lakes Wilderness,2010-2019,2013,R6_2013039,P045 13-14,Plagla,1,2,7/5/2013,314.42,UMN_RAL,,
106916,6,2013,84353 41 35,1036148,,Fremont-Winema NF,Sky Lakes Wilderness,2010-2019,2013,R6_2013039,P045 13-14,Plagla,1,1,7/5/2013,319.78,UMN_RAL,,
855,6,2007,77881 41 35,1024176,,Fremont-Winema NF,,2000-2009,2007,R6_2007108,P072 07-08,Letvul,1,1,6/23/2007,342.21,UMN_RAL,,
912,6,2010,69709 41 35,1034152,,Fremont-Winema NF,,2010-2019,2010,R6_2010018,P130  10-11,Letvul,1,1,7/22/2010,353.62,UMN_RAL,,
2555,6,2010,57114 41 35,1058184,,Fremont-Winema NF,,2010-2019,2010,R6_2010034,P130  10-11,Letvul,1,1,7/19/2010,366.32,UMN_RAL,,
2555,6,2010,57114 41 35,1058184,,Fremont-Winema NF,,2010-2019,2010,R6_2010035,P130  10-11,Letvul,2,1,7/19/2010,378.76,UMN_RAL,,
969,6,2009,91408 41 35,1040164,,Fremont-Winema NF,,2000-2009,2009,R6_2009174,P084 09-10,Letvul,1,1,9/4/2009,391.3531974,UMN_RAL,,
1059,6,2009,97058 41 35,1052156,,Fremont-Winema NF,Mount Thielsen Wilderness,2000-2009,2009,R6_2009170,P084 09-10,Letcol,1,1,9/4/2009,393.5606805,UMN_RAL,,
106888,6,2013,60944 41 35,1020152,,Fremont-Winema NF,Mountain Sky Wilderness,2010-2019,2013,R6_2013028,P045 13-14,Letvul,1,1,7/2/2013,398.51,UMN_RAL,,
914,6,2010,58358 41 35,1034168,,Fremont-Winema NF,,2010-2019,2010,R6_2010014,P130  10-11,Letvul,1,1,7/28/2010,414.02,UMN_RAL,,
910,6,2007,78094 41 35,1034148,,Fremont-Winema NF,Sky Lakes Wilderness,2000-2009,2007,R6_2007114,P072 07-08,Alesar,2,1,6/20/2007,415.57,UMN_RAL,,
106870,6,2013,54960 41 37,1030244,,Fremont-Winema NF,,2010-2019,2013,R6_2013152,P045 13-14,Letvul,1,1,7/4/2013,430.84,UMN_RAL,,
106869,6,2013,63778 41 35,1028208,,Fremont-Winema NF,,2010-2019,2013,R6_2013026,P045 13-14,Letvul,1,1,7/3/2013,435.52,UMN_RAL,,
106866,6,2013,84388 41 37,1018264,,Fremont-Winema NF,,2010-2019,2013,R6_2013148,P045 13-14,Letvul,1,1,7/4/2013,440.54,UMN_RAL,,
831,6,2009,63307 41 35,1018152,,Fremont-Winema NF,Mountain Lakes Wilderness,2000-2009,2009,R6_2009207,P084 09-10,Letvul,1,1,9/8/2009,441.9164067,UMN_RAL,,
842,6,2009,75357 41 35,1022152,,Fremont-Winema NF,,2000-2009,2009,R6_2009201,P084 09-10,Letvul,2,2,9/9/2009,445.361478,UMN_RAL,,
106871,6,2013,70857 41 37,1034224,,Fremont-Winema NF,,2010-2019,2013,R6_2013002,P045 13-14,Letvul,1,1,7/5/2013,456.62,UMN_RAL,,
106873,6,2013,88892 41 37,1046204,,Fremont-Winema NF,,2010-2019,2013,R6_2013138,P045 13-14,Letvul,1,1,7/5/2013,458.54,UMN_RAL,,
993,6,2010,97651 41 35,1044184,,Fremont-Winema NF,,2010-2019,2010,R6_2010024,P130  10-11,Letvul,1,1,7/21/2010,462.1,UMN_RAL,,
106864,6,2013,71173 41 37,1014228,,Fremont-Winema NF,,2010-2019,2013,R6_2013141,P045 13-14,Letvul,1,1,7/2/2013,463.07,UMN_RAL,,
106870,6,2013,54960 41 37,1030244,,Fremont-Winema NF,,2010-2019,2013,R6_2013151,P045 13-14,Letvul,1,2,7/4/2013,465.93,UMN_RAL,,
106870,6,2013,54960 41 37,1030244,,Fremont-Winema NF,,2010-2019,2013,R6_2013151,P045 13-14,Letvul,1,1,7/4/2013,466.36,UMN_RAL,,
106883,6,2013,87287 41 35,1054156,,Fremont-Winema NF,Mount Thielsen Wilderness,2010-2019,2013,R6_2013029,P045 13-14,Letvul,1,1,7/6/2013,476.71,UMN_RAL,,
106872,6,2013,98163 41 37,1038216,,Fremont-Winema NF,,2010-2019,2013,R6_2013143,P045 13-14,Letvul,1,1,7/5/2013,486.49,UMN_RAL,,
4041,6,2010,SL-5,SL-5,,Fremont-Winema NF,,2010-2019,2010,R6_2010040,P130  10-11,Letvul,1,1,7/26/2010,496.96,UMN_RAL,,
925,6,2010,70271 41 35,1034200,,Fremont-Winema NF,,2010-2019,2010,R6_2010047,P130  10-11,Letvul,1,1,7/26/2010,560.17,UMN_RAL,,
4041,6,2010,SL-5,SL-5,,Fremont-Winema NF,,2010-2019,2010,R6_2010041,P130  10-11,Letvul,2,1,7/26/2010,561.68,UMN_RAL,,
4037,6,2010,SL-2,SL-2,,Fremont-Winema NF,,2010-2019,2010,R6_2010038,P130  10-11,Letvul,1,1,7/26/2010,569.87,UMN_RAL,,
106865,6,2013,69743 41 35,1018212,,Fremont-Winema NF,,2010-2019,2013,R6_2013145,P045 13-14,Letvul,1,1,7/2/2013,573.32,UMN_RAL,,
106868,6,2013,99525 41 35,1022228,,Fremont-Winema NF,,2010-2019,2013,R6_2013025,P045 13-14,Letvul,2,1,7/3/2013,577.91,UMN_RAL,,
886,6,2010,96215 41 35,1030168,,Fremont-Winema NF,,2010-2019,2010,R6_2010013,P130  10-11,Letvul,1,1,7/28/2010,598.47,UMN_RAL,,
891,6,2009,80073 41 35,1030192,,Fremont-Winema NF,,2000-2009,2009,R6_2009164,P084 09-10,Letvul,1,1,9/7/2009,608.0726866,UMN_RAL,,
886,6,2010,96215 41 35,1030168,,Fremont-Winema NF,,2010-2019,2010,R6_2010012,P130  10-11,Letvul,2,1,7/28/2010,611.86,UMN_RAL,,
1039,6,2010,96110 41 35,1050180,,Fremont-Winema NF,,2010-2019,2010,R6_2010028,P130  10-11,Letvul,1,1,7/21/2010,613.89,UMN_RAL,,
846,6,2010,71848 41 35,1022196,,Fremont-Winema NF,,2010-2019,2010,R6_2010003,P130  10-11,Letvul,1,1,7/27/2010,616.74,UMN_RAL,,
866,6,2010,86251 41 35,1026176,,Fremont-Winema NF,,2010-2019,2010,R6_2010007,P130  10-11,Letvul,1,1,7/27/2010,624.48,UMN_RAL,,
4035,6,2010,SL-1,SL-1,,Fremont-Winema NF,,2010-2019,2010,R6_2010036,P130  10-11,Letvul,1,1,7/25/2010,637.23,UMN_RAL,,
106868,6,2013,99525 41 35,1022228,,Fremont-Winema NF,,2010-2019,2013,R6_2013003,P045 13-14,Letvul,1,1,7/3/2013,648.05,UMN_RAL,,
1019,6,2010,69938 41 35,1048192,,Fremont-Winema NF,,2010-2019,2010,R6_2010026,P130  10-11,Letvul,1,1,7/21/2010,675.94,UMN_RAL,,
893,6,2010,77275 41 35,1030196,,Fremont-Winema NF,,2010-2019,2010,R6_2010044,P130  10-11,Letvul,1,1,7/27/2010,688.6,UMN_RAL,,
893,6,2010,77275 41 35,1030196,,Fremont-Winema NF,,2010-2019,2010,R6_2010044,P130  10-11,Letvul,1,2,7/27/2010,731.84,UMN_RAL,,
959,6,2010,56014 41 35,1038184,,Fremont-Winema NF,,2010-2019,2010,R6_2010021,P130  10-11,Letvul,1,1,7/21/2010,748.68,UMN_RAL,,
959,6,2010,56014 41 35,1038184,,Fremont-Winema NF,,2010-2019,2010,R6_2010021,P130  10-11,Letvul,1,2,7/21/2010,761.62,UMN_RAL,,
106867,6,2013,92005 41 37,1020244,,Fremont-Winema NF,,2010-2019,2013,R6_2013149,P045 13-14,Letvul,1,1,7/3/2013,765.33,UMN_RAL,,
959,6,2010,56014 41 35,1038184,,Fremont-Winema NF,,2010-2019,2010,R6_2010022,P130  10-11,Letvul,2,2,7/21/2010,769.05,UMN_RAL,,
959,6,2010,56014 41 35,1038184,,Fremont-Winema NF,,2010-2019,2010,R6_2010022,P130  10-11,Letvul,2,1,7/21/2010,779.8,UMN_RAL,,
104817,14,2011,30_HEELK1_2011,30_HEELK1,,Helena-Lewis and Clark NFs,Elkhorn Wildlife management Unit,2010-2019,2011,R14_2011062,,Letvul,1,1,7/14/2011,243.26,UMN_RAL,,
104820,14,2011,30_HELTC_2011,30_HELTC,,Helena-Lewis and Clark NFs,,2010-2019,2011,R14_2011074,,Usnlap,1,1,6/6/2011,258.58,UMN_RAL,,
107310,14,2014,30_REFRIDGE_14,30_REFRIDGE_14,GateMt15,Helena-Lewis and Clark NFs,,2010-2019,2014,R14_2014020,P064 14-15,Letvul/Letcol,1,2,,309.55,UMN_RAL,,
107310,14,2014,30_REFRIDGE_14,30_REFRIDGE_14,GateMt15,Helena-Lewis and Clark NFs,,2010-2019,2014,R14_2014020,P064 14-15,Letvul/Letcol,1,1,,311.88,UMN_RAL,,
104819,14,2011,30_HELSG_2011,30_HELSG,,Helena-Lewis and Clark NFs,,2010-2019,2011,R14_2011070,,Usnlap,1,1,6/6/2011,345.87,UMN_RAL,,
107305,14,2014,30_MERIWETHER_14,30_MERIWETHER,GateMt14,Helena-Lewis and Clark NFs,,2010-2019,2014,R14_2014018,P064 14-15,Letvul,1,2,,374.1,UMN_RAL,,
107305,14,2014,30_MERIWETHER_14,30_MERIWETHER,GateMt14,Helena-Lewis and Clark NFs,,2010-2019,2014,R14_2014018,P064 14-15,Letvul,1,1,,377.05,UMN_RAL,,
104819,14,2011,30_HELSG_2011,30_HELSG,,Helena-Lewis and Clark NFs,,2010-2019,2011,R14_2011068,,Letvul,1,1,6/6/2011,413.23,UMN_RAL,,
104820,14,2011,30_HELTC_2011,30_HELTC,,Helena-Lewis and Clark NFs,,2010-2019,2011,R14_2011072,,Letvul,1,1,6/6/2011,441.54,UMN_RAL,,
107295,14,2012,30_TSKI_2012,30_TSKI,,Lewis and Clark NF,,2010-2019,2012,R14_2012001,,Letvul,1,1,7/27/2012,279.44,UMN_RAL,,
108238,14,2015,30_SFRK_SUN_2015,30_SFRK_SUN,BobMar48,Lewis and Clark NF,Bob Marshall Wilderness,2010-2019,2015,R14_2015005,P077 16-17,Letvul,1,1,6/30/2015,285,UMN_RAL,,
104816,14,2011,30_GFLC_2011,30_GFLC,,Lewis and Clark NF,,2010-2019,2011,R14_2011059,,Letvul,1,1,7/26/2011,326.05,UMN_RAL,,
104814,14,2011,30_GFJU_2011,30_GFJU,,Lewis and Clark NF,,2010-2019,2011,R14_2011053,,Letvul,1,2,7/26/2011,339.99,UMN_RAL,,
108236,14,2015,30_MORTIMER_GULCH_2015,30_MORTIMER_GULCH,BobMar47; Montimer Gulch,Lewis and Clark NF,Bob Marshall Wilderness,2010-2019,2015,R14_2015003,P077 16-17,Letvul,1,1,6/30/2015,352.26,UMN_RAL,,
104814,14,2011,30_GFJU_2011,30_GFJU,,Lewis and Clark NF,,2010-2019,2011,R14_2011053,,Letvul,1,1,7/26/2011,375.5,UMN_RAL,,
104815,14,2011,30_GFKH_2011,30_GFKH,,Lewis and Clark NF,,2010-2019,2011,R14_2011056,,Letvul,1,1,7/27/2011,403.86,UMN_RAL,,
108235,14,2015,30_OUR_LAKE_2015,30_OUR_LAKE_2015,BobMar46,Lewis and Clark NF,Bob Marshall Wilderness,2010-2019,2015,R14_2015007,P077 16-17,Letvul,1,1,7/1/2015,517.63,UMN_RAL,,
2380,6,2007,95896 53 53,1212188,,Mount Baker-Snoqualmie NF,Norse Peak Wilderness,2000-2009,2007,R6_2007143,P072 07-08,Alesar,1,1,9/7/2007,46.87,UMN_RAL,,
2380,6,2007,95896 53 53,1212188,,Mount Baker-Snoqualmie NF,Norse Peak Wilderness,2000-2009,2007,R6_2007143,P072 07-08,Alesar,1,2,9/7/2007,59.08,UMN_RAL,,
2406,6,2007,61807 53 61,1252192,,Mount Baker-Snoqualmie NF,Glacier Peak Wilderness,2000-2009,2007,R6_2007075,P072 07-08,Plagla,2,1,7/28/2007,62.92,UMN_RAL,,
2771,6,2007,95227 53 31,1234184,,Mount Baker-Snoqualmie NF,Alpine Lakes Wilderness,2000-2009,2007,R6_2007072,P072 07-08,Plagla,1,1,7/26/2007,72.52,UMN_RAL,,
107955,6,2017,74518 53 57,1268200,,Mount Baker-Snoqualmie NF,Glacier Peak Wilderness,2010-2019,2017,R6_2017113,P064 17-18,Plagla,1,1,9/1/2017,88.476,UMN_RAL,,
2783,6,2007,68783 53 61,1258172,,Mount Baker-Snoqualmie NF,Boulder River Wilderness,2000-2009,2007,R6_2007069,P072 07-08,Plagla,1,1,7/29/2007,92.82,UMN_RAL,,
3115,6,2008,C2CAlpC,C2CAlp,,Mount Baker-Snoqualmie NF,Alpine Lakes Wilderness,2000-2009,2008,R6_2008001,P004 08-09,Plagla,2,1,7/23/2008,95.38,UMN_RAL,,
106861,6,2013,BouldR01,BouldR01,,Mount Baker-Snoqualmie NF,Boulder River Wilderness,2010-2019,2013,R6_2013205,P045 13-14,Plagla,1,1,9/14/2013,95.79,UMN_RAL,,
2779,6,2007,58763 53 61,1250184,,Mount Baker-Snoqualmie NF,Henry M. Jackson Wilderness,2000-2009,2007,R6_2007141,P072 07-08,Plagla,1,1,9/5/2007,96.32,UMN_RAL,,
106861,6,2013,BouldR01,BouldR01,,Mount Baker-Snoqualmie NF,Boulder River Wilderness,2010-2019,2013,R6_2013209,P045 13-14,Plagla,2,1,9/14/2013,105.63,UMN_RAL,,
2779,6,2007,58763 53 61,1250184,,Mount Baker-Snoqualmie NF,Henry M. Jackson Wilderness,2000-2009,2007,R6_2007149,P072 07-08,Sphglo,1,1,9/5/2007,110.89,UMN_RAL,,
2778,6,2011,64458 53 61,1246192,,Mount Baker-Snoqualmie NF,Wild Sky Wilderness,2010-2019,2011,R6_2011094,P051 11-12,Plagla,1,2,7/28/2011,122.51,UMN_RAL,,
107765,6,2015,93641 53 33,1236180,,Mount Baker-Snoqualmie NF,Alpine Lakes Wilderness,2010-2019,2015,R6_2015107,P102&127 15-16,Plagla,1,1,7/29/2015,125.28,UMN_RAL,,
107956,6,2017,73462 53 73,1276176,,Mount Baker-Snoqualmie NF,Noisy-Diobsud Wilderness,2010-2019,2017,R6_2017128,P064 17-18,Plagla,1,1,8/29/2017,126.252,UMN_RAL,,
2788,6,2007,88024 53 73,1278176,,Mount Baker-Snoqualmie NF,Noisy-Diobsud Wilderness,2000-2009,2007,R6_2007138,P072 07-08,Plagla,1,1,9/3/2007,127.5,UMN_RAL,,
2781,6,2007,63058 53 61,1252188,,Mount Baker-Snoqualmie NF,Henry M. Jackson Wilderness,2000-2009,2007,R6_2007085,P072 07-08,Hypent,1,1,7/29/2007,131.05,UMN_RAL,,
2781,6,2007,63058 53 61,1252188,,Mount Baker-Snoqualmie NF,Henry M. Jackson Wilderness,2000-2009,2007,R6_2007085,P072 07-08,Hypent,1,2,7/29/2007,132.37,UMN_RAL,,
2778,6,2011,64458 53 61,1246192,,Mount Baker-Snoqualmie NF,Wild Sky Wilderness,2010-2019,2011,R6_2011094,P051 11-12,Plagla,1,1,7/28/2011,134.02,UMN_RAL,,
2787,6,2007,73462 53 73,1276176,,Mount Baker-Snoqualmie NF,Noisy-Diobsud Wilderness,2000-2009,2007,R6_2007146,P072 07-08,Alesar,1,1,9/4/2007,136.96,UMN_RAL,,
2778,6,2011,64458 53 61,1246192,,Mount Baker-Snoqualmie NF,Wild Sky Wilderness,2010-2019,2011,R6_2011083,P051 11-12,Plagla,2,1,7/28/2011,142.67,UMN_RAL,,
2788,6,2007,88024 53 73,1278176,,Mount Baker-Snoqualmie NF,Noisy-Diobsud Wilderness,2000-2009,2007,R6_2007138,P072 07-08,Plagla,1,2,9/3/2007,145.14,UMN_RAL,,
107761,6,2015,87985 53 33,1226180,,Mount Baker-Snoqualmie NF,Alpine Lakes Wilderness,2010-2019,2015,R6_2015105,P102&127 15-16,Plagla,1,1,8/1/2015,145.2,UMN_RAL,,
107949,6,2017,63058 53 61,1252188,,Mount Baker-Snoqualmie NF,Henry M. Jackson Wilderness,2010-2019,2017,R6_2017011,P064 17-18,Plagla,1,1,8/24/2017,148.243,UMN_RAL,,
2436,6,2005,98195 53 73,1288164,,Mount Baker-Snoqualmie NF,Mount Baker Wilderness,2000-2009,2005,R6_2005423,P071 05-06,Plagla,1,2,9/21/2005,152.5,UMN_RAL,,
2391,6,2005,93641 53 33,1236180,,Mount Baker-Snoqualmie NF,Alpine Lakes Wilderness,2000-2009,2005,R6_2005531,P071 05-06,Plagla,1,1,9/12/2005,158,UMN_RAL,,
2783,6,2007,68783 53 61,1258172,,Mount Baker-Snoqualmie NF,Boulder River Wilderness,2000-2009,2007,R6_2007078,P072 07-08,Sphglo,1,1,7/29/2007,161.47,UMN_RAL,,
2766,6,2011,57457 53 53,1210164,,Mount Baker-Snoqualmie NF,Clearwater Wilderness,2010-2019,2011,R6_2011084,P051 11-12,Plagla,1,1,7/29/2011,165.55,UMN_RAL,,
2776,6,2011,68292 53 61,1242188,,Mount Baker-Snoqualmie NF,Wild Sky Wilderness,2010-2019,2011,R6_2011086,P051 11-12,Plagla,1,1,7/27/2011,167.1,UMN_RAL,,
2766,6,2011,57457 53 53,1210164,,Mount Baker-Snoqualmie NF,Clearwater Wilderness,2010-2019,2011,R6_2011084,P051 11-12,Plagla,1,2,7/29/2011,173.04,UMN_RAL,,
2436,6,2005,98195 53 73,1288164,,Mount Baker-Snoqualmie NF,Mount Baker Wilderness,2000-2009,2005,R6_2005423,P071 05-06,Plagla,1,1,9/21/2005,175.1,UMN_RAL,,
107769,6,2015,98195 53 73,1288164,,Mount Baker-Snoqualmie NF,Mount Baker Wilderness,2010-2019,2015,R6_2015119,P102&127 15-16,Plagla,1,1,8/24/2015,177.93,UMN_RAL,,
107771,6,2015,66511 53 73,1278156,,Mount Baker-Snoqualmie NF,Mount Baker Wilderness,2010-2019,2015,R6_2015131,P102&127 15-16,Plagla,1,1,8/28/2015,184.63,UMN_RAL,,
2381,6,2005,87985 53 33,1226180,,Mount Baker-Snoqualmie NF,Alpine Lakes Wilderness,2000-2009,2005,R6_2005088,P071 05-06,Plagla,2,1,9/7/2005,186.4,UMN_RAL,,
2391,6,2005,93641 53 33,1236180,,Mount Baker-Snoqualmie NF,Alpine Lakes Wilderness,2000-2009,2005,R6_2005531,P071 05-06,Plagla,1,2,9/12/2005,195.2,UMN_RAL,,
2781,6,2007,63058 53 61,1252188,,Mount Baker-Snoqualmie NF,Henry M. Jackson Wilderness,2000-2009,2007,R6_2007068,P072 07-08,Plagla,1,1,7/29/2007,195.84,UMN_RAL,,
2381,6,2005,87985 53 33,1226180,,Mount Baker-Snoqualmie NF,Alpine Lakes Wilderness,2000-2009,2005,R6_2005088,P071 05-06,Plagla,2,2,9/7/2005,196.3,UMN_RAL,,
107947,6,2017,95896 53 53,1212188,,Mount Baker-Snoqualmie NF,Norse Peak Wilderness,2010-2019,2017,R6_2017009,P064 17-18,Plagla,1,1,8/29/2017,203.943,UMN_RAL,,
2786,6,2007,74518 53 57,1268200,,Mount Baker-Snoqualmie NF,Glacier Peak Wilderness,2000-2009,2007,R6_2007083,P072 07-08,Hypent,1,1,7/29/2007,207.79,UMN_RAL,,
2769,6,2007,82163 53 33,1232180,,Mount Baker-Snoqualmie NF,Alpine Lakes Wilderness,2000-2009,2007,R6_2007076,P072 07-08,Sphglo,1,1,7/30/2007,212.5,UMN_RAL,,
2423,6,2005,66511 53 73,1278156,,Mount Baker-Snoqualmie NF,Mount Baker Wilderness,2000-2009,2005,R6_2005183,P071 05-06,Plagla,1,1,9/27/2005,282.4,UMN_RAL,,
2436,6,2005,98195 53 73,1288164,,Mount Baker-Snoqualmie NF,Mount Baker Wilderness,2000-2009,2005,R6_2005340,P071 05-06,Plagla,2,1,9/21/2005,510.7,UMN_RAL,,
2690,6,2011,63714 41 5,1124152,,Mount Hood NF,Bull of the Woods Wilderness,2010-2019,2011,R6_2011132,P051 11-12,Plagla,1,2,7/13/2011,88.99,UMN_RAL,,
1980,6,2011,76252 41 5,1138152,,Mount Hood NF,Salmon-Huckleberry Wilderness,2010-2019,2011,R6_2011032,P051 11-12,Plagla,2,1,6/27/2011,96.88,UMN_RAL,,
2690,6,2011,63714 41 5,1124152,,Mount Hood NF,Bull of the Woods Wilderness,2010-2019,2011,R6_2011132,P051 11-12,Plagla,1,1,7/13/2011,97.03,UMN_RAL,,
2011,6,2011,97484 41 5,1140160,,Mount Hood NF,Salmon-Huckleberry Wilderness,2010-2019,2011,R6_2011029,P051 11-12,Plagla,2,1,6/11/2011,97.2,UMN_RAL,,
2011,6,2011,97484 41 5,1140160,,Mount Hood NF,Salmon-Huckleberry Wilderness,2010-2019,2011,R6_2011029,P051 11-12,Plagla,2,2,6/11/2011,103.17,UMN_RAL,,
1983,6,2011,80252 41 5,1138160,,Mount Hood NF,Salmon-Huckleberry Wilderness,2010-2019,2011,R6_2011021,P051 11-12,Plagla,2,1,6/29/2011,104,UMN_RAL,,
2011,6,2011,97484 41 5,1140160,,Mount Hood NF,Salmon-Huckleberry Wilderness,2010-2019,2011,R6_2011025,P051 11-12,Plagla,1,1,6/28/2011,111.03,UMN_RAL,,
1983,6,2011,80252 41 5,1138160,,Mount Hood NF,Salmon-Huckleberry Wilderness,2010-2019,2011,R6_2011019,P051 11-12,Plagla,1,1,6/29/2011,124.74,UMN_RAL,,
107541,6,2016,94593 41 5,1136160,1136160,Mount Hood NF,Salmon-Huckleberry Wilderness,2010-2019,2016,R6_2016031,P062 16-17,Hypina,1,2,8/17/2016,128.9053894,UMN_RAL,,
2126,6,2005,89701 41 51,1150152,,Mount Hood NF,Mark O. Hatfield Wilderness,2000-2009,2005,R6_2005002,P071 05-06,Plagla,1,1,6/29/2005,144.3,UMN_RAL,,
2037,6,2009,61684 41 5,1142168,,Mount Hood NF,Mount Hood Wilderness,2000-2009,2009,R6_2009232,P084 09-10,Plagla,1,1,9/23/2009,145.2973835,UMN_RAL,,
107759,6,2015,80796 41 5,1134152,,Mount Hood NF,Roaring River Wilderness,2010-2019,2015,R6_2015132,P102&127 15-16,Plagla,1,1,7/23/2015,146.81,UMN_RAL,,
106881,6,2013,93631 41 27,1152164,,Mount Hood NF,Mark O. Hatfield Wilderness,2010-2019,2013,R6_2013062,P045 13-14,Plagla,1,1,6/28/2013,156.17,UMN_RAL,,
107759,6,2015,80796 41 5,1134152,,Mount Hood NF,Roaring River Wilderness,2010-2019,2015,R6_2015132,P102&127 15-16,Plagla,1,2,7/23/2015,156.63,UMN_RAL,,
106880,6,2013,83335 41 27,1150164,,Mount Hood NF,Mark O. Hatfield Wilderness,2010-2019,2013,R6_2013068,P045 13-14,Plagla,1,1,6/27/2013,164.51,UMN_RAL,,
106880,6,2013,83335 41 27,1150164,,Mount Hood NF,Mark O. Hatfield Wilderness,2010-2019,2013,R6_2013068,P045 13-14,Plagla,1,2,6/27/2013,165.41,UMN_RAL,,
1874,6,2011,63714 41 5,1124152,,Mount Hood NF,Bull of the Woods Wilderness,2010-2019,2011,R6_2011017,P051 11-12,Plagla,1,1,7/13/2011,174.44,UMN_RAL,,
2033,6,2009,94944 41 5,1142160,,Mount Hood NF,Mount Hood Wilderness,2000-2009,2009,R6_2009229,P084 09-10,Plagla,1,1,9/23/2009,199.3906102,UMN_RAL,,
1858,6,2011,57762 41 47,1122144,,Mount Hood NF,Bull of the Woods Wilderness,2010-2019,2011,R6_2011131,P051 11-12,Plagla,1,2,7/12/2011,211.87,UMN_RAL,,
1858,6,2011,57762 41 47,1122144,,Mount Hood NF,Bull of the Woods Wilderness,2010-2019,2011,R6_2011131,P051 11-12,Plagla,1,1,7/12/2011,220.6,UMN_RAL,,
106882,6,2013,78524 41 27,1154168,,Mount Hood NF,Mark O. Hatfield Wilderness,2010-2019,2013,R6_2013059,P045 13-14,Plagla,1,1,6/26/2013,231.65,UMN_RAL,,
107754,6,2015,79052 41 27,1140176,,Mount Hood NF,Badger Creek Wilderness,2010-2019,2015,R6_2015126,P102&127 15-16,Plagla,1,1,7/20/2015,235.33,UMN_RAL,,
1921,6,2005,93078 41 5,1132148,,Mount Hood NF,,2000-2009,2005,R6_2005226,P071 05-06,Plagla,1,1,6/29/2005,247.4,UMN_RAL,,
2069,6,2005,57124 41 65,1144188,,Mount Hood NF,,2000-2009,2005,R6_2005463,P071 05-06,Letvul,1,1,6/13/2005,257.3,UMN_RAL,,
107755,6,2015,88603 41 27,1140180,,Mount Hood NF,Badger Creek Wilderness,2010-2019,2015,R6_2015124,P102&127 15-16,Plagla,1,1,7/20/2015,260.01,UMN_RAL,,
1844,6,2005,57913 41 47,1118164,,Mount Hood NF,Mount Jefferson Wilderness,2000-2009,2005,R6_2005035,P071 05-06,Plagla,1,1,8/10/2005,271.3,UMN_RAL,,
107758,6,2015,55838 41 5,1134160,,Mount Hood NF,Roaring River Wilderness,2010-2019,2015,R6_2015064,P102&127 15-16,Plagla,1,1,7/23/2015,273.39,UMN_RAL,,
107541,6,2016,94593 41 5,1136160,1136160,Mount Hood NF,Salmon-Huckleberry Wilderness,2010-2019,2016,R6_2016031,P062 16-17,Hypina,1,1,8/17/2016,273.488857,UMN_RAL,,
2069,6,2005,57124 41 65,1144188,,Mount Hood NF,,2000-2009,2005,R6_2005281,P071 05-06,Plagla,1,1,6/13/2005,794.2,UMN_RAL,,
2069,6,2005,57124 41 65,1144188,,Mount Hood NF,,2000-2009,2005,R6_2005281,P071 05-06,Plagla,1,2,6/13/2005,888.6,UMN_RAL,,
1895,6,2005,73160 41 65,1126168,,Mount Hood NF,,2000-2009,2005,R6_2005336,P071 05-06,Plagla,1,3,8/9/2005,1600,UMN_RAL,,
1895,6,2005,73160 41 65,1126168,,Mount Hood NF,,2000-2009,2005,R6_2005336,P071 05-06,Plagla,1,4,8/9/2005,1761,UMN_RAL,,
1991,6,2005,93372 41 65,1138188,,Mount Hood NF,,2000-2009,2005,R6_2005282,P071 05-06,Letvul,1,1,6/14/2005,1910,UMN_RAL,,
1991,6,2005,93372 41 65,1138188,,Mount Hood NF,,2000-2009,2005,R6_2005282,P071 05-06,Letvul,1,2,6/14/2005,2035,UMN_RAL,,
1895,6,2005,73160 41 65,1126168,,Mount Hood NF,,2000-2009,2005,R6_2005336,P071 05-06,Plagla,1,1,8/9/2005,2076,UMN_RAL,,
1895,6,2005,73160 41 65,1126168,,Mount Hood NF,,2000-2009,2005,R6_2005336,P071 05-06,Plagla,1,2,8/9/2005,2153,UMN_RAL,,
2385,6,2009,59027 53 37,1228196,,Okanogan-Wenatchee NF,Alpine Lakes Wilderness,2000-2009,2009,R6_2009214,P084 09-10,Plagla,2,1,8/22/2009,119.83,UMN_RAL,,
107843,6,2016,82291 53 47,2273320,2273320,Okanogan-Wenatchee NF,,2010-2019,2016,R6_2016098,P062 16-17,Plagla,1,1,8/8/2016,141.5853626,UMN_RAL,,
2409,6,2009,91861 53 7,1252216,,Okanogan-Wenatchee NF,,2000-2009,2009,R6_2009212,P084 09-10,Plagla,1,1,8/25/2009,142.2464411,UMN_RAL,,
2402,6,2009,79299 53 7,1246216,,Okanogan-Wenatchee NF,Glacier Peak Wilderness,2000-2009,2009,R6_2009218,P084 09-10,Plagla,1,1,8/24/2009,148.7939939,UMN_RAL,,
107842,6,2016,69986 53 47,1288268,1288268,Okanogan-Wenatchee NF,,2010-2019,2016,R6_2016101,P062 16-17,Letvul,1,2,9/19/2016,150.4203272,UMN_RAL,,
107842,6,2016,69986 53 47,1288268,1288268,Okanogan-Wenatchee NF,,2010-2019,2016,R6_2016101,P062 16-17,Letvul,1,1,9/19/2016,151.902458,UMN_RAL,,
2378,6,2011,56553 53 77,1206196,,Okanogan-Wenatchee NF,William O. Douglas Wilderness,2010-2019,2011,R6_2011082,P051 11-12,Plagla,1,1,7/30/2011,157.53,UMN_RAL,,
106893,6,2013,77220 53 47,1286224,,Okanogan-Wenatchee NF,Pasayten Wilderness,2010-2019,2013,R6_2013198,P045 13-14,Plagla,1,1,9/5/2013,163.38,UMN_RAL,,
107845,6,2016,96692 53 47,2282302,2282302,Okanogan-Wenatchee NF,,2010-2019,2016,R6_2016100,P062 16-17,Letvul,1,1,9/1/2016,168.9616899,UMN_RAL,,
2378,6,2011,56553 53 77,1206196,,Okanogan-Wenatchee NF,William O. Douglas Wilderness,2010-2019,2011,R6_2011089,P051 11-12,Letvul,2,1,7/30/2011,185.28,UMN_RAL,,
107847,6,2016,83949 53 47,2284302,2284302,Okanogan-Wenatchee NF,,2010-2019,2016,R6_2016099,P062 16-17,Letvul,2,1,8/11/2016,195.3206119,UMN_RAL,,
107847,6,2016,83949 53 47,2284302,2284302,Okanogan-Wenatchee NF,,2010-2019,2016,R6_2016099,P062 16-17,Letvul,2,2,8/11/2016,196.794826,UMN_RAL,,
2365,6,2011,65516 53 77,1196188,,Okanogan-Wenatchee NF,William O. Douglas Wilderness,2010-2019,2011,R6_2011078,P051 11-12,Plagla,1,1,7/27/2011,198.54,UMN_RAL,,
106910,6,2013,68486 53 77,1202188,,Okanogan-Wenatchee NF,William O. Douglas Wilderness,2010-2019,2013,R6_2013182,P045 13-14,Plagla,1,1,8/3/2013,203.03,UMN_RAL,,
2378,6,2011,56553 53 77,1206196,,Okanogan-Wenatchee NF,William O. Douglas Wilderness,2010-2019,2011,R6_2011090,P051 11-12,Letvul,1,1,7/30/2011,204.03,UMN_RAL,,
2395,6,2009,63804 53 7,1238220,,Okanogan-Wenatchee NF,Alpine Lakes Wilderness,2000-2009,2009,R6_2009224,P084 09-10,Letvul,2,1,8/23/2009,212.3427312,UMN_RAL,,
106912,6,2013,95604 53 77,1206192,,Okanogan-Wenatchee NF,William O. Douglas Wilderness,2010-2019,2013,R6_2013186,P045 13-14,Letvul,1,1,8/5/2013,218.85,UMN_RAL,,
106911,6,2013,63844 53 77,1202200,,Okanogan-Wenatchee NF,William O. Douglas Wilderness,2010-2019,2013,R6_2013178,P045 13-14,Letvul,1,1,8/2/2013,221.54,UMN_RAL,,
106911,6,2013,63844 53 77,1202200,,Okanogan-Wenatchee NF,William O. Douglas Wilderness,2010-2019,2013,R6_2013178,P045 13-14,Letvul,1,2,8/2/2013,225.45,UMN_RAL,,
2402,6,2009,79299 53 7,1246216,,Okanogan-Wenatchee NF,Glacier Peak Wilderness,2000-2009,2009,R6_2009225,P084 09-10,Letvul,1,1,8/24/2009,229.0777524,UMN_RAL,,
2784,6,2011,79133 53 47,1262240,,Okanogan-Wenatchee NF,Lake Chelan-Sawtooth Wilderness,2010-2019,2011,R6_2011042,P051 11-12,Letvul,2,1,8/23/2011,233.15,UMN_RAL,,
106898,6,2013,75469 53 47,1290224,,Okanogan-Wenatchee NF,Pasayten Wilderness,2010-2019,2013,R6_2013195,P045 13-14,Plagla,1,1,9/7/2013,242.76,UMN_RAL,,
2366,6,2011,68328 53 77,1196196,,Okanogan-Wenatchee NF,William O. Douglas Wilderness,2010-2019,2011,R6_2011095,P051 11-12,Letvul,1,1,7/26/2011,243.04,UMN_RAL,,
106911,6,2013,63844 53 77,1202200,,Okanogan-Wenatchee NF,William O. Douglas Wilderness,2010-2019,2013,R6_2013179,P045 13-14,Letvul,2,1,8/2/2013,250.01,UMN_RAL,,
2442,6,2009,77662 53 73,1288264,,Okanogan-Wenatchee NF,Pasayten Wilderness,2000-2009,2009,R6_2009216,P084 09-10,Plagla,1,1,8/26/2009,253.7718137,UMN_RAL,,
106897,6,2013,93968 53 47,1290220,,Okanogan-Wenatchee NF,Pasayten Wilderness,2010-2019,2013,R6_2013197,P045 13-14,Plagla,1,1,9/9/2013,257.25,UMN_RAL,,
2422,6,2011,53286 53 47,1270240,,Okanogan-Wenatchee NF,Lake Chelan-Sawtooth Wilderness,2010-2019,2011,R6_2011043,P051 11-12,Letvul,2,1,8/22/2011,264.92,UMN_RAL,,
2395,6,2009,63804 53 7,1238220,,Okanogan-Wenatchee NF,Alpine Lakes Wilderness,2000-2009,2009,R6_2009223,P084 09-10,Letvul,1,1,8/23/2009,276.1869918,UMN_RAL,,
2784,6,2011,79133 53 47,1262240,,Okanogan-Wenatchee NF,Lake Chelan-Sawtooth Wilderness,2010-2019,2011,R6_2011139,P051 11-12,Letvul,1,1,8/23/2011,278.8,UMN_RAL,,
3652,6,2011,LChelan1,LChelan1,,Okanogan-Wenatchee NF,Lake Chelan-Sawtooth Wilderness,2010-2019,2011,R6_2011036,P051 11-12,Letvul,1,1,8/29/2011,280.32,UMN_RAL,,
2422,6,2011,53286 53 47,1270240,,Okanogan-Wenatchee NF,Lake Chelan-Sawtooth Wilderness,2010-2019,2011,R6_2011040,P051 11-12,Letvul,1,1,8/22/2011,302.09,UMN_RAL,,
106905,6,2013,89220 53 77,1208208,,Okanogan-Wenatchee NF,,2010-2019,2013,R6_2013181,P045 13-14,Plagla,1,1,8/2/2013,306.92,UMN_RAL,,
106895,6,2013,80627 53 47,1288224,,Okanogan-Wenatchee NF,Pasayten Wilderness,2010-2019,2013,R6_2013203,P045 13-14,Letvul,2,1,9/6/2013,317.55,UMN_RAL,,
2376,6,2011,64797 53 77,1200192,,Okanogan-Wenatchee NF,William O. Douglas Wilderness,2010-2019,2011,R6_2011093,P051 11-12,Letvul,1,1,7/29/2011,321.4,UMN_RAL,,
3193,6,2008,CleElum3,CleElum3,,Okanogan-Wenatchee NF,,2000-2009,2008,R6_2008152,P004 08-09,Letvul,1,1,8/10/2008,346.41,UMN_RAL,,
106891,6,2013,82850 53 77,1208188,,Okanogan-Wenatchee NF,Norse Peak Wilderness,2010-2019,2013,R6_2013184,P045 13-14,Letvul,1,1,8/4/2013,347.03,UMN_RAL,,
107846,6,2016,80151 53 47,2289294,2289294,Okanogan-Wenatchee NF,,2010-2019,2016,R6_2016097,P062 16-17,Letvul,1,1,7/13/2016,351.1070071,UMN_RAL,,
3653,6,2011,LChelan2,LChelan2,,Okanogan-Wenatchee NF,Lake Chelan-Sawtooth Wilderness,2010-2019,2011,R6_2011049,P051 11-12,Letvul,1,1,8/29/2011,351.95,UMN_RAL,,
106905,6,2013,89220 53 77,1208208,,Okanogan-Wenatchee NF,,2010-2019,2013,R6_2013180,P045 13-14,Letvul,1,2,8/2/2013,353,UMN_RAL,,
106905,6,2013,89220 53 77,1208208,,Okanogan-Wenatchee NF,,2010-2019,2013,R6_2013180,P045 13-14,Letvul,1,1,8/2/2013,354.29,UMN_RAL,,
106891,6,2013,82850 53 77,1208188,,Okanogan-Wenatchee NF,Norse Peak Wilderness,2010-2019,2013,R6_2013185,P045 13-14,Letvul,1,1,8/4/2013,412.07,UMN_RAL,,
3191,6,2008,CleElum1,CleElum1,,Okanogan-Wenatchee NF,,2000-2009,2008,R6_2008140,P004 08-09,Plagla,1,1,8/10/2008,417.77,UMN_RAL,,
3191,6,2008,CleElum1,CleElum1,,Okanogan-Wenatchee NF,,2000-2009,2008,R6_2008140,P004 08-09,Plagla,1,2,8/10/2008,418.96,UMN_RAL,,
2426,6,2009,85811 53 47,1280224,,Okanogan-Wenatchee NF,Pasayten Wilderness,2000-2009,2009,R6_2009222,P084 09-10,Letvul,1,1,8/27/2009,494.0796733,UMN_RAL,,
2426,6,2009,85811 53 47,1280224,,Okanogan-Wenatchee NF,Pasayten Wilderness,2000-2009,2009,R6_2009222,P084 09-10,Letvul,1,2,8/27/2009,501.6592235,UMN_RAL,,
3193,6,2008,CleElum3,CleElum3,,Okanogan-Wenatchee NF,,2000-2009,2008,R6_2008149,P004 08-09,Letvul,2,1,8/10/2008,512.96,UMN_RAL,,
107844,6,2016,87739 53 47,2280310,2280310,Okanogan-Wenatchee NF,,2010-2019,2016,R6_2016105,P062 16-17,Bryfre,1,1,8/22/2016,535.1167493,UMN_RAL,,
2426,6,2009,85811 53 47,1280224,,Okanogan-Wenatchee NF,Pasayten Wilderness,2000-2009,2009,R6_2009213,P084 09-10,Bryfre,1,1,8/27/2009,876.2724756,UMN_RAL,,
2426,6,2009,85811 53 47,1280224,,Okanogan-Wenatchee NF,Pasayten Wilderness,2000-2009,2009,R6_2009213,P084 09-10,Bryfre,1,2,8/27/2009,940.777324,UMN_RAL,,
108177,6,2017,,1242088,,Olympic NF,,2010-2019,2017,R6_2017043,P064 17-18,Plagla,1,1,8/8/2017,104.775,UMN_RAL,,
3821,6,2011,MtSkokoW,MtSkokoW,,Olympic NF,Mount Skokomish Wilderness,2010-2019,2011,R6_2011020,P051 11-12,Plagla,2,1,7/26/2011,119.05,UMN_RAL,,
3821,6,2011,MtSkokoW,MtSkokoW,,Olympic NF,Mount Skokomish Wilderness,2010-2019,2011,R6_2011136,P051 11-12,Plagla,1,1,7/26/2011,122.85,UMN_RAL,,
4180,6,2011,WonderMt,WonderMt,,Olympic NF,Wonder Mountain (just outside boundary),2010-2019,2011,R6_2011079,P051 11-12,Plagla,1,1,7/25/2011,188.49,UMN_RAL,,
2775,6,2007,98769 53 31,1242088,,Olympic NF,Buckhorn Wilderness,2000-2009,2007,R6_2007132,P072 07-08,Plagla,1,1,8/22/2007,263.29,UMN_RAL,,
2398,6,2007,59900 53 31,1242092,,Olympic NF,Buckhorn Wilderness,2000-2009,2007,R6_2007129,P072 07-08,Brygla,1,1,8/23/2007,291.34,UMN_RAL,,
107990,6,2017,59900 53 31,1242092,,Olympic NF,Buckhorn Wilderness,2010-2019,2017,R6_2017045,P064 17-18,Hypims,1,1,8/12/2017,299.867,UMN_RAL,,
2767,6,2007,87761 53 27,1228056,,Olympic NF,Colonel Bob Wilderness,2000-2009,2007,R6_2007120,P072 07-08,Sphglo,1,2,8/26/2007,389.12,UMN_RAL,,
2767,6,2007,87761 53 27,1228056,,Olympic NF,Colonel Bob Wilderness,2000-2009,2007,R6_2007120,P072 07-08,Sphglo,1,1,8/26/2007,441.18,UMN_RAL,,
3549,6,2006,HOF2,HOF2,,Olympic NP,Olympic Wilderness,2000-2009,2006,R6_2006006,P073 06-07,Plagla,1,1,10/13/2006,124.4,UMN_RAL,,
3549,6,2006,HOF2,HOF2,,Olympic NP,Olympic Wilderness,2000-2009,2006,R6_2006006,P073 06-07,Plagla,1,2,10/13/2006,145.6,UMN_RAL,,
3921,6,2006,OL6,OL6,,Olympic NP,Olympic Wilderness,2000-2009,2006,R6_2006018,P073 06-07,Plagla,1,2,10/13/2006,201.3,UMN_RAL,,
3921,6,2006,OL6,OL6,,Olympic NP,Olympic Wilderness,2000-2009,2006,R6_2006018,P073 06-07,Plagla,1,1,10/13/2006,203.7,UMN_RAL,,
3646,14,2010,Klop2,Klop2,,Payette NF,,2010-2019,2010,R14_2010100,P130  10-11,Xancum,1,1,8/16/2010,61.62,UMN_RAL,,
3981,14,2010,Pitts0,Pitts0,,Payette NF,,2010-2019,2010,R14_2010105,P130  10-11,Xancum,1,1,8/19/2010,63.22,UMN_RAL,,
3981,14,2010,Pitts0,Pitts0,,Payette NF,,2010-2019,2010,R14_2010105,P130  10-11,Xancum,1,2,8/19/2010,64.29,UMN_RAL,,
3636,14,2010,Kirk1/4,Kirk1/4,,Payette NF,,2010-2019,2010,R14_2010110,P130  10-11,Xancum,1,1,8/19/2010,67.13,UMN_RAL,,
3633,14,2010,Kirk0,Kirk0,,Payette NF,,2010-2019,2010,R14_2010103,P130  10-11,Xancum,2,2,8/19/2010,72.58,UMN_RAL,,
3633,14,2010,Kirk0,Kirk0,,Payette NF,,2010-2019,2010,R14_2010103,P130  10-11,Xancum,2,1,8/19/2010,75.74,UMN_RAL,,
3640,14,2010,Klop0,Klop0,,Payette NF,,2010-2019,2010,R14_2010111,P130  10-11,Xancum,1,1,8/17/2010,77.92,UMN_RAL,,
3633,14,2010,Kirk0,Kirk0,,Payette NF,,2010-2019,2010,R14_2010097,P130  10-11,Xancum,3,1,8/19/2010,79.8,UMN_RAL,,
3160,14,2010,CacheCk,CacheCk,,Payette NF,Hells Canyon Wilderness,2010-2019,2010,R14_2010098,P130  10-11,Xancum,1,1,8/19/2010,87.81,UMN_RAL,,
3926,14,2010,Oxbow,Oxbow,,Payette NF,,2010-2019,2010,R14_2010109,P130  10-11,Xancum,1,1,8/20/2010,89.92,UMN_RAL,,
3640,14,2010,Klop0,Klop0,,Payette NF,,2010-2019,2010,R14_2010108,P130  10-11,Xancum,2,1,8/17/2010,90.73,UMN_RAL,,
106899,6,2013,86657 41 35,1024140,,Rogue River NF,Sky Lakes Wilderness,2010-2019,2013,R6_2013036,P045 13-14,Letvul,2,1,7/3/2013,427.28,UMN_RAL,,
106899,6,2013,86657 41 35,1024140,,Rogue River NF,Sky Lakes Wilderness,2010-2019,2013,R6_2013036,P045 13-14,Letvul,2,2,7/3/2013,443.54,UMN_RAL,,
106899,6,2013,86657 41 35,1024140,,Rogue River NF,Sky Lakes Wilderness,2010-2019,2013,R6_2013037,P045 13-14,Letvul,1,1,7/3/2013,646.32,UMN_RAL,,
5886,6,2018,,,1038128,Rogue River-Siskyou NF,,2010-2019,2018,R6_2018024,P089 18-19,Plagla,1,2,43331,83.292,UMN_RAL,,
5886,6,2018,,,1038128,Rogue River-Siskyou NF,,2010-2019,2018,R6_2018024,P089 18-19,Plagla,1,1,43331,87.097,UMN_RAL,,
5881,6,2018,,,1034136,Rogue River-Siskyou NF,,2010-2019,2018,R6_2018034,P089 18-19,Plagla,1,1,43332,136.52,UMN_RAL,,
5880,6,2018,86657 41 35,86657 41 35,1024140,Rogue River-Siskyou NF,,2010-2019,2018,R6_2018086,P089 18-19,Letvul,1,1,43357,349.76,UMN_RAL,,
5880,6,2018,86657 41 35,86657 41 35,1024140,Rogue River-Siskyou NF,,2010-2019,2018,R6_2018086,P089 18-19,Letvul,1,2,43357,356.89,UMN_RAL,,
895,6,2011,97037 41 15,1032040,,Siskyou NF,Wild Rogue Wilderness,2010-2019,2011,R6_2011072,P051 11-12,Plagla,1,1,7/20/2011,83.12,UMN_RAL,,
908,6,2011,93783 41 15,1034028,,Siskyou NF,Copper Salmon Wilderness,2010-2019,2011,R6_2011069,P051 11-12,Plagla,1,1,7/19/2011,115.42,UMN_RAL,,
823,6,2011,70452 41 33,1006076,,Siskyou NF,Red Buttes Wilderness,2010-2019,2011,R6_2011061,P051 11-12,Plagla,2,1,7/21/2011,117.06,UMN_RAL,,
882,6,2011,57999 41 15,1030036,,Siskyou NF,Wild Rogue Wilderness,2010-2019,2011,R6_2011075,P051 11-12,Plagla,1,1,7/21/2011,118.56,UMN_RAL,,
3478,6,2011,GrassyKb,GrassyKb,,Siskyou NF,Grassy Knob Wilderness,2010-2019,2011,R6_2011077,P051 11-12,Plagla,1,1,7/19/2011,137.86,UMN_RAL,,
3478,6,2011,GrassyKb,GrassyKb,,Siskyou NF,Grassy Knob Wilderness,2010-2019,2011,R6_2011077,P051 11-12,Plagla,1,2,7/19/2011,139.68,UMN_RAL,,
4006,6,2011,RedButte,RedButte,,Siskyou NF,Red Buttes Wilderness,2010-2019,2011,R6_2011060,P051 11-12,Plagla,1,1,7/21/2011,148.23,UMN_RAL,,
4006,6,2011,RedButte,RedButte,,Siskyou NF,Red Buttes Wilderness,2010-2019,2011,R6_2011060,P051 11-12,Plagla,1,2,7/21/2011,148.67,UMN_RAL,,
823,6,2011,70452 41 33,1006076,,Siskyou NF,Red Buttes Wilderness,2010-2019,2011,R6_2011063,P051 11-12,Plagla,1,1,7/21/2011,164.71,UMN_RAL,,
882,6,2011,57999 41 15,1030036,,Siskyou NF,Wild Rogue Wilderness,2010-2019,2011,R6_2011074,P051 11-12,Plagla,2,1,7/21/2011,168.63,UMN_RAL,,
2500,6,2008,55986 41 15,1014048,,Siskyou NF,Kalmiopsis Wilderness,2000-2009,2008,R6_2008044,P004 08-09,Plagla,1,1,6/25/2008,169.17,UMN_RAL,,
2500,6,2008,55986 41 15,1014048,,Siskyou NF,Kalmiopsis Wilderness,2000-2009,2008,R6_2008049,P004 08-09,Plagla,2,1,6/25/2008,171.7,UMN_RAL,,
927,6,2011,70711 41 15,1036016,,Siskyou NF,Grassy Knob Wilderness,2010-2019,2011,R6_2011018,P051 11-12,Plagla,1,1,7/18/2011,174.86,UMN_RAL,,
2516,6,2011,91574 41 15,1036024,,Siskyou NF,Copper Salmon Wilderness,2010-2019,2011,R6_2011135,P051 11-12,Plagla,1,1,7/18/2011,189.16,UMN_RAL,,
4032,6,2011,SiskiyW1,SiskiyW1,,Siskyou NF,Siskiyou Wilderness,2010-2019,2011,R6_2011068,P051 11-12,Plagla,1,1,7/20/2011,228.8,UMN_RAL,,
4032,6,2011,SiskiyW1,SiskiyW1,,Siskyou NF,Siskiyou Wilderness,2010-2019,2011,R6_2011065,P051 11-12,Letvul,1,1,7/20/2011,235.4,UMN_RAL,,
823,6,2011,70452 41 33,1006076,,Siskyou NF,Red Buttes Wilderness,2010-2019,2011,R6_2011057,P051 11-12,Letvul,1,1,7/21/2011,238.43,UMN_RAL,,
4031,6,2011,SIS2,SIS2,,Siskyou NF,Siskiyou Wilderness,2010-2019,2011,R6_2011066,P051 11-12,Letvul,1,1,7/20/2011,306.33,UMN_RAL,,
2667,6,2005,83086 41 3,1106068,,Siuslaw NF,,2000-2009,2005,R6_2005503,P071 05-06,Plagla,1,1,5/27/2005,108.8,UMN_RAL,,
3150,6,2008,C2CMaryPB,C2CMaryP,,Siuslaw NF,,2000-2009,2008,R6_2008020,P004 08-09,Plagla,1,1,7/7/2008,123.42,UMN_RAL,,
1756,6,2011,52365 41 41,1106044,,Siuslaw NF,Drift Creek Wilderness,2010-2019,2011,R6_2011028,P051 11-12,Hypent,1,1,6/23/2011,185.12,UMN_RAL,,
1775,6,2005,55871 41 41,1108052,,Siuslaw NF,,2000-2009,2005,R6_2005184,P071 05-06,Plagla,1,1,5/16/2005,195.5,UMN_RAL,,
1634,6,2011,90190 41 39,1094036,,Siuslaw NF,Rock Creek Wilderness,2010-2019,2011,R6_2011026,P051 11-12,Hypina,1,1,6/22/2011,236.38,UMN_RAL,,
3898,6,2005,OD-4,OD-4,,Siuslaw NF,,2000-2009,2005,R6_2005479,P071 05-06,Plagla,1,1,5/23/2005,260.1,UMN_RAL,,
929,6,2007,51642 41 29,1036096,,Umpqua NF,,2000-2009,2007,R6_2007005,P072 07-08,Plagla,1,1,8/17/2007,62.94,UMN_RAL,,
1093,6,2007,90751 41 19,1056116,,Umpqua NF,,2000-2009,2007,R6_2007044,P072 07-08,Alesar,2,1,8/14/2007,66.52,UMN_RAL,,
2551,6,2007,55857 41 19,1056140,,Umpqua NF,,2000-2009,2007,R6_2007037,P072 07-08,Alesar,1,1,8/15/2007,78.35,UMN_RAL,,
1065,6,2010,55289 41 19,1054108,,Umpqua NF,,2010-2019,2010,R6_2010056,P130  10-11,Plagla,1,1,8/1/2010,78.72,UMN_RAL,,
1100,6,2007,96878 41 19,1056148,,Umpqua NF,,2000-2009,2007,R6_2007019,P072 07-08,Plagla,2,1,8/16/2007,82.16,UMN_RAL,,
988,6,2010,67798 41 19,1044124,,Umpqua NF,Rogue-Umpqua Divide Wilderness,2010-2019,2010,R6_2010051,P130  10-11,Plagla,1,1,8/3/2010,84.19,UMN_RAL,,
1298,6,2007,67504 41 39,1072116,,Umpqua NF,,2000-2009,2007,R6_2007009,P072 07-08,Plagla,1,1,8/13/2007,84.57,UMN_RAL,,
1023,6,2010,69412 41 19,1050108,,Umpqua NF,,2010-2019,2010,R6_2010052,P130  10-11,Plagla,1,2,8/2/2010,85.9,UMN_RAL,,
1023,6,2010,69412 41 19,1050108,,Umpqua NF,,2010-2019,2010,R6_2010070,P130  10-11,Plagla,2,1,8/2/2010,89.33,UMN_RAL,,
2541,6,2007,87233 41 19,1052112,,Umpqua NF,,2000-2009,2007,R6_2007048,P072 07-08,Hypent,1,1,8/16/2007,89.92,UMN_RAL,,
1371,6,2010,56218 41 39,1076120,,Umpqua NF,,2010-2019,2010,R6_2010073,P130  10-11,Plagla,1,1,8/8/2010,92.42,UMN_RAL,,
1371,6,2010,56218 41 39,1076120,,Umpqua NF,,2010-2019,2010,R6_2010073,P130  10-11,Plagla,1,2,8/8/2010,92.42,UMN_RAL,,
108035,6,2017,67504 41 39,1072116,,Umpqua NF,,2010-2019,2017,R6_2017150,P064 17-18,Plagla,1,1,6/5/2017,92.674,UMN_RAL,,
1137,6,2007,58027 41 19,1060116,,Umpqua NF,,2000-2009,2007,R6_2007020,P072 07-08,Plagla,1,1,8/15/2007,97.14,UMN_RAL,,
1186,6,2007,72122 41 39,1064120,,Umpqua NF,,2000-2009,2007,R6_2007030,P072 07-08,Alesar,1,1,8/14/2007,98.02,UMN_RAL,,
1213,6,2010,99805 41 39,1066124,,Umpqua NF,,2010-2019,2010,R6_2010080,P130  10-11,Plagla,2,1,8/9/2010,101.19,UMN_RAL,,
108036,6,2017,71033 41 39,1074116,,Umpqua NF,,2010-2019,2017,R6_2017156,P064 17-18,Plagla,1,1,6/5/2017,102.626,UMN_RAL,,
1090,6,2007,55251 41 19,1056108,,Umpqua NF,,2000-2009,2007,R6_2007004,P072 07-08,Plagla,2,1,8/16/2007,105.76,UMN_RAL,,
1137,6,2007,58027 41 19,1060116,,Umpqua NF,,2000-2009,2007,R6_2007053,P072 07-08,Hypina,1,1,8/15/2007,106.31,UMN_RAL,,
5704,6,2017,59213 41 19,1052116,,Umpqua NF,,2010-2019,2017,R6_2017215,P064 17-18,Plagla,1,1,6/1/2017,106.378,UMN_RAL,,
108023,6,2017,55857 41 19,1056140,,Umpqua NF,,2010-2019,2017,R6_2017078,P064 17-18,Plagla,1,1,5/30/2017,107.983,UMN_RAL,,
1186,6,2007,72122 41 39,1064120,,Umpqua NF,,2000-2009,2007,R6_2007022,P072 07-08,Plagla,2,1,8/14/2007,109.14,UMN_RAL,,
1186,6,2007,72122 41 39,1064120,,Umpqua NF,,2000-2009,2007,R6_2007013,P072 07-08,Plagla,1,1,8/14/2007,110.93,UMN_RAL,,
1213,6,2010,99805 41 39,1066124,,Umpqua NF,,2010-2019,2010,R6_2010081,P130  10-11,Plagla,1,1,8/9/2010,112.02,UMN_RAL,,
108032,6,2017,72192 41 39,1064116,,Umpqua NF,,2010-2019,2017,R6_2017077,P064 17-18,Plagla,1,1,6/2/2017,117.698,UMN_RAL,,
1072,6,2007,99733 41 19,1054136,,Umpqua NF,,2000-2009,2007,R6_2007014,P072 07-08,Plagla,1,1,8/15/2007,117.83,UMN_RAL,,
1339,6,2007,68704 41 39,1074120,,Umpqua NF,,2000-2009,2007,R6_2007023,P072 07-08,Alesar,1,1,8/13/2007,119.55,UMN_RAL,,
1097,6,2010,57996 41 19,1056136,,Umpqua NF,,2010-2019,2010,R6_2010062,P130  10-11,Plagla,1,1,8/4/2010,121.53,UMN_RAL,,
1050,6,2010,99659 41 19,1052120,,Umpqua NF,,2010-2019,2010,R6_2010060,P130  10-11,Plagla,1,1,8/4/2010,124.08,UMN_RAL,,
1100,6,2007,96878 41 19,1056148,,Umpqua NF,,2000-2009,2007,R6_2007002,P072 07-08,Plagla,1,1,8/16/2007,126.53,UMN_RAL,,
1100,6,2007,96878 41 19,1056148,,Umpqua NF,,2000-2009,2007,R6_2007002,P072 07-08,Plagla,1,2,8/16/2007,126.93,UMN_RAL,,
1050,6,2010,99659 41 19,1052120,,Umpqua NF,,2010-2019,2010,R6_2010060,P130  10-11,Plagla,1,2,8/4/2010,128.04,UMN_RAL,,
1337,6,2007,71033 41 39,1074116,,Umpqua NF,,2000-2009,2007,R6_2007052,P072 07-08,Hypina,1,1,8/13/2007,130,UMN_RAL,,
1184,6,2007,72192 41 39,1064116,,Umpqua NF,,2000-2009,2007,R6_2007041,P072 07-08,Alesar,2,1,8/14/2007,130.03,UMN_RAL,,
1126,6,2007,60927 41 19,1058144,,Umpqua NF,,2000-2009,2007,R6_2007034,P072 07-08,Alesar,1,1,8/15/2007,131.45,UMN_RAL,,
1117,6,2007,78152 41 19,1058116,,Umpqua NF,,2000-2009,2007,R6_2007058,P072 07-08,Lobpul,2,1,8/14/2007,132.43,UMN_RAL,,
1184,6,2007,72192 41 39,1064116,,Umpqua NF,,2000-2009,2007,R6_2007041,P072 07-08,Alesar,2,2,8/14/2007,135.47,UMN_RAL,,
5911,6,2018,58256 41 19,58256 41 19,1052132,Umpqua NF,,2010-2019,2018,R6_2018020,P089 18-19,Plagla,1,1,43320,136.83,UMN_RAL,,
1048,6,2007,59213 41 19,1052116,,Umpqua NF,,2000-2009,2007,R6_2007018,P072 07-08,Plagla,1,1,8/16/2007,138.68,UMN_RAL,,
1190,6,2007,86218 41 19,1064128,,Umpqua NF,,2000-2009,2007,R6_2007012,P072 07-08,Plagla,1,2,8/14/2007,138.75,UMN_RAL,,
1190,6,2007,86218 41 19,1064128,,Umpqua NF,,2000-2009,2007,R6_2007012,P072 07-08,Plagla,1,1,8/14/2007,142.62,UMN_RAL,,
964,6,2009,87116 41 19,1040100,,Umpqua NF,,2000-2009,2009,R6_2009027,P084 09-10,Plagla,2,1,7/29/2009,145.0254427,UMN_RAL,,
1011,6,2007,74719 41 19,1048120,,Umpqua NF,,2000-2009,2007,R6_2007061,P072 07-08,Plagla,1,2,8/17/2007,145.97,UMN_RAL,,
1011,6,2007,74719 41 19,1048120,,Umpqua NF,,2000-2009,2007,R6_2007061,P072 07-08,Plagla,1,1,8/17/2007,146.09,UMN_RAL,,
976,6,2010,98011 41 19,1042108,,Umpqua NF,,2010-2019,2010,R6_2010050,P130  10-11,Plagla,1,1,8/3/2010,146.11,UMN_RAL,,
5887,6,2018,87116 41 19,87116 41 19,1040100,Umpqua NF,,2010-2019,2018,R6_2018003,P089 18-19,Plagla,1,1,43373,149.43,UMN_RAL,,
5902,6,2018,78778 41 19,78778 41 19,1050104,Umpqua NF,,2010-2019,2018,R6_2018001,P089 18-19,Plagla,1,2,43370,150.17,UMN_RAL,,
2559,6,2010,89865 41 19,1062128,,Umpqua NF,Boulder Creek Wilderness,2010-2019,2010,R6_2010079,P130  10-11,Plagla,1,1,8/9/2010,153.39,UMN_RAL,,
5902,6,2018,78778 41 19,78778 41 19,1050104,Umpqua NF,,2010-2019,2018,R6_2018001,P089 18-19,Plagla,1,1,43370,153.66,UMN_RAL,,
1261,6,2007,66133 41 39,1070116,,Umpqua NF,,2000-2009,2007,R6_2007011,P072 07-08,Plagla,1,1,8/13/2007,156.62,UMN_RAL,,
1031,6,2010,96135 41 19,1050132,,Umpqua NF,Rogue-Umpqua Divide Wilderness,2010-2019,2010,R6_2010064,P130  10-11,Plagla,2,1,8/5/2010,158.38,UMN_RAL,,
5950,6,2018,68360 41 39,68360 41 39,1072124,Umpqua NF,,2010-2019,2018,R6_2018004,P089 18-19,Plagla,1,1,43305,164.55,UMN_RAL,,
1057,6,2010,89906 41 19,1052140,,Umpqua NF,,2010-2019,2010,R6_2010068,P130  10-11,Plagla,1,1,8/5/2010,167.58,UMN_RAL,,
1127,6,2010,79497 41 19,1058148,,Umpqua NF,,2010-2019,2010,R6_2010074,P130  10-11,Plagla,1,1,8/10/2010,195.88,UMN_RAL,,
5934,6,2018,87661 41 19,87661 41 19,1060144,Umpqua NF,,2010-2019,2018,R6_2018049,P089 18-19,Plagla,1,1,43248,199.5,UMN_RAL,,
5944,6,2018,86218 41 19,86218 41 19,1064128,Umpqua NF,,2010-2019,2018,R6_2018047,P089 18-19,Plagla,1,1,43247,203.78,UMN_RAL,,
5925,6,2018,95421 41 19,95421 41 19,1056156,Umpqua NF,Mt Thielsen,2010-2019,2018,R6_2018065,P089 18-19,Alesar,1,1,43321,214.69,UMN_RAL,,
988,6,2010,67798 41 19,1044124,,Umpqua NF,Rogue-Umpqua Divide Wilderness,2010-2019,2010,R6_2010051,P130  10-11,Plagla,1,1,8/3/2010,224.08,UMN_RAL,,
1141,6,2009,68055 41 19,1060124,,Umpqua NF,Boulder Creek Wilderness,2000-2009,2009,R6_2009035,P084 09-10,Plagla,2,1,7/25/2009,227.4049401,UMN_RAL,,
1013,6,2007,64882 41 19,1048124,,Umpqua NF,,2000-2009,2007,R6_2007026,P072 07-08,Alesar,1,1,8/17/2007,229.7,UMN_RAL,,
1298,6,2007,67504 41 39,1072116,,Umpqua NF,,2000-2009,2007,R6_2007054,P072 07-08,Hypina,1,2,8/13/2007,237.18,UMN_RAL,,
1013,6,2007,64882 41 19,1048124,,Umpqua NF,,2000-2009,2007,R6_2007026,P072 07-08,Alesar,1,2,8/17/2007,238.18,UMN_RAL,,
1298,6,2007,67504 41 39,1072116,,Umpqua NF,,2000-2009,2007,R6_2007054,P072 07-08,Hypina,1,1,8/13/2007,239.27,UMN_RAL,,
1031,6,2010,96135 41 19,1050132,,Umpqua NF,Rogue-Umpqua Divide Wilderness,2010-2019,2010,R6_2010067,P130  10-11,Plagla,1,1,8/5/2010,245.34,UMN_RAL,,
1078,6,2007,83036 41 19,1054152,,Umpqua NF,,2000-2009,2007,R6_2007029,P072 07-08,Alesar,1,1,8/15/2007,250.68,UMN_RAL,,
1027,6,2007,58586 41 19,1050120,,Umpqua NF,,2000-2009,2007,R6_2007067,P072 07-08,Plagla,1,1,8/17/2007,273.1,UMN_RAL,,
1027,6,2007,58586 41 19,1050120,,Umpqua NF,,2000-2009,2007,R6_2007067,P072 07-08,Plagla,1,2,8/17/2007,277.96,UMN_RAL,,
1184,6,2007,72192 41 39,1064116,,Umpqua NF,,2000-2009,2007,R6_2007008,P072 07-08,Plagla,1,1,8/14/2007,309.64,UMN_RAL,,
1090,6,2007,55251 41 19,1056108,,Umpqua NF,,2000-2009,2007,R6_2007038,P072 07-08,Alesar,1,1,8/16/2007,355.51,UMN_RAL,,
1161,6,2007,98674 41 19,1062120,,Umpqua NF,,2000-2009,2007,R6_2007064,P072 07-08,Plagla,1,1,8/14/2007,358.18,UMN_RAL,,
1261,6,2007,66133 41 39,1070116,,Umpqua NF,,2000-2009,2007,R6_2007049,P072 07-08,Hypina,1,1,8/13/2007,395.16,UMN_RAL,,
1337,6,2007,71033 41 39,1074116,,Umpqua NF,,2000-2009,2007,R6_2007031,P072 07-08,Alesar,1,1,8/13/2007,415.28,UMN_RAL,,
1337,6,2007,71033 41 39,1074116,,Umpqua NF,,2000-2009,2007,R6_2007031,P072 07-08,Alesar,2,1,8/13/2007,438.39,UMN_RAL,,
1048,6,2007,59213 41 19,1052116,,Umpqua NF,,2000-2009,2007,R6_2007040,P072 07-08,Alesar,2,1,8/16/2007,446.39,UMN_RAL,,
1139,6,2007,97559 41 19,1060120,,Umpqua NF,,2000-2009,2007,R6_2007032,P072 07-08,Alesar,1,1,8/14/2007,798.84,UMN_RAL,,
1139,6,2007,97559 41 19,1060120,,Umpqua NF,,2000-2009,2007,R6_2007032,P072 07-08,Alesar,1,2,8/14/2007,813.53,UMN_RAL,,
3156,6,2008,C2CSewPC,C2CSewP,,Urban area,,2000-2009,2008,R6_2008018,P004 08-09,Plagla,1,1,7/23/2008,77.08,UMN_RAL,,
3136,6,2008,C2CForPkC,C2CForPk,,Urban area,,2000-2009,2008,R6_2008013,P004 08-09,Plagla,1,1,7/24/2008,102.18,UMN_RAL,,
3136,6,2008,C2CForPkC,C2CForPk,,Urban area,,2000-2009,2008,R6_2008009,P004 08-09,Plagla,2,1,7/24/2008,110.68,UMN_RAL,,
4112,6,2010,Starkey6,Starkey6,,Wallowa-Whitman NF,,2010-2019,2010,R6_2010087,P130  10-11,Plagla,1,1,8/15/2010,72.97,UMN_RAL,,
3642,6,2010,Klop1,Klop1,,Wallowa-Whitman NF,,2010-2019,2010,R6_2010106,P130  10-11,Xancum,1,1,8/16/2010,75.52,UMN_RAL,,
3644,6,2010,Klop1/4,Klop1/4,,Wallowa-Whitman NF,,2010-2019,2010,R6_2010107,P130  10-11,Xancum,1,1,8/17/2010,77.74,UMN_RAL,,
3480,6,2010,HCDam,HCDam,,Wallowa-Whitman NF,Hells Canyon Wilderness,2010-2019,2010,R6_2010101,P130  10-11,Xancum,1,1,8/20/2010,88.2,UMN_RAL,,
3480,6,2010,HCDam,HCDam,,Wallowa-Whitman NF,Hells Canyon Wilderness,2010-2019,2010,R6_2010102,P130  10-11,Xancum,2,1,8/20/2010,106.67,UMN_RAL,,
2121,6,2010,56550 41 63,1148416,,Wallowa-Whitman NF,Eagle Cap Wilderness,2010-2019,2010,R6_2010086,P130  10-11,Letvul,1,1,8/20/2010,199.31,UMN_RAL,,
1896,6,2011,84747 41 23,1126368,,Wallowa-Whitman NF,North Fork John Day Wilderness,2010-2019,2011,R6_2011102,P051 11-12,Letvul,1,1,8/8/2011,252.87,UMN_RAL,,
2071,6,2010,85546 41 61,1144404,,Wallowa-Whitman NF,Eagle Cap Wilderness,2010-2019,2010,R6_2010090,P130  10-11,Letvul,1,1,8/16/2010,254.92,UMN_RAL,,
106863,6,2013,84067 41 61,1146404,,Wallowa-Whitman NF,Eagle Cap Wilderness,2010-2019,2013,R6_2013131,P045 13-14,Letvul,1,1,7/16/2013,289.69,UMN_RAL,,
2118,6,2009,81511 41 63,1148404,,Wallowa-Whitman NF,Eagle Cap Wilderness,2000-2009,2009,R6_2009055,P084 09-10,Letvul,1,1,8/4/2009,301.7385967,UMN_RAL,,
2025,6,2008,99588 41 61,1140408,,Wallowa-Whitman NF,Eagle Cap Wilderness,2000-2009,2008,R6_2008166,P004 08-09,Letvul,1,1,8/16/2008,354.1,UMN_RAL,,
4110,6,2010,Starkey5,Starkey5,,Wallowa-Whitman NF,,2010-2019,2010,R6_2010091,P130  10-11,Letvul,1,1,8/15/2010,413.03,UMN_RAL,,
2047,6,2010,98968 41 61,1142408,,Wallowa-Whitman NF,Eagle Cap Wilderness,2010-2019,2010,R6_2010094,P130  10-11,Letvul,2,1,8/18/2010,481.99,UMN_RAL,,
4108,6,2010,Starkey4,Starkey4,,Wallowa-Whitman NF,,2010-2019,2010,R6_2010093,P130  10-11,Letvul,1,2,8/15/2010,498.39,UMN_RAL,,
4108,6,2010,Starkey4,Starkey4,,Wallowa-Whitman NF,,2010-2019,2010,R6_2010093,P130  10-11,Letvul,1,1,8/15/2010,499,UMN_RAL,,
106862,6,2013,68060 41 63,1140436,,Wallowa-Whitman NF,Eagle Cap Wilderness,2010-2019,2013,R6_2013136,P045 13-14,Bryfre,1,1,7/14/2013,510.48,UMN_RAL,,
2713,6,2009,95263 41 63,1146420,,Wallowa-Whitman NF,Eagle Cap Wilderness,2000-2009,2009,R6_2009060,P084 09-10,Letvul,2,1,8/5/2009,569.3318747,UMN_RAL,,
106904,6,2013,81427 41 1,1114392,,Wallowa-Whitman NF,,2010-2019,2013,R6_2013133,P045 13-14,Letvul,1,1,7/17/2013,577.58,UMN_RAL,,
106904,6,2013,81427 41 1,1114392,,Wallowa-Whitman NF,,2010-2019,2013,R6_2013132,P045 13-14,Letvul,2,1,7/17/2013,596.19,UMN_RAL,,
106862,6,2013,68060 41 63,1140436,,Wallowa-Whitman NF,Eagle Cap Wilderness,2010-2019,2013,R6_2013137,P045 13-14,Letvul,1,1,7/14/2013,658.54,UMN_RAL,,
3153,6,2008,C2CMcKRC,C2CMcKR,,Willamette NF,,2000-2009,2008,R6_2008022,P004 08-09,Plagla,2,1,7/3/2008,81.76,UMN_RAL,,
3761,6,2011,MSantiam,MSantiam,,Willamette NF,Middle Santiam Wilderness,2010-2019,2011,R6_2011134,P051 11-12,Plagla,1,1,7/11/2011,94.23,UMN_RAL,,
106886,6,2013,85225 41 43,1098160,,Willamette NF,Mount Washington Wilderness,2010-2019,2013,R6_2013193,P045 13-14,Plagla,1,2,8/29/2013,105.95,UMN_RAL,,
106886,6,2013,85225 41 43,1098160,,Willamette NF,Mount Washington Wilderness,2010-2019,2013,R6_2013193,P045 13-14,Plagla,1,1,8/29/2013,110.11,UMN_RAL,,
3738,6,2011,Menageri,Menageri,,Willamette NF,Menagerie Wilderness,2010-2019,2011,R6_2011125,P051 11-12,Plagla,1,1,7/10/2011,110.45,UMN_RAL,,
1275,6,2005,86633 41 39,1070152,,Willamette NF,Diamond Peak Wilderness,2000-2009,2005,R6_2005057,P071 05-06,Plagla,2,1,7/7/2005,117.7,UMN_RAL,,
3738,6,2011,Menageri,Menageri,,Willamette NF,Menagerie Wilderness,2010-2019,2011,R6_2011128,P051 11-12,Plagla,2,1,7/10/2011,119.56,UMN_RAL,,
106884,6,2013,85376 41 39,1096160,,Willamette NF,Mount Washington Wilderness,2010-2019,2013,R6_2013194,P045 13-14,Plagla,1,2,8/31/2013,154.92,UMN_RAL,,
106884,6,2013,85376 41 39,1096160,,Willamette NF,Mount Washington Wilderness,2010-2019,2013,R6_2013194,P045 13-14,Plagla,1,1,8/31/2013,158.07,UMN_RAL,,
106885,6,2013,58298 41 43,1102160,,Willamette NF,Mount Washington Wilderness,2010-2019,2013,R6_2013188,P045 13-14,Plagla,1,1,8/28/2013,182.3,UMN_RAL,,
1275,6,2005,86633 41 39,1070152,,Willamette NF,Diamond Peak Wilderness,2000-2009,2005,R6_2005057,P071 05-06,Plagla,2,2,7/7/2005,189.7,UMN_RAL,,
1725,6,2005,95507 41 43,1102152,,Willamette NF,,2000-2009,2005,R6_2005413,P071 05-06,Plagla,2,1,8/15/2005,195.3,UMN_RAL,,
107834,6,2015,69905 41 43,1100164,,Willamette NF,Mount Washington Wilderness,2010-2019,2015,R6_2015142,P102&127 15-16,Plagla,1,2,7/12/2015,205.75,UMN_RAL,,
107834,6,2015,69905 41 43,1100164,,Willamette NF,Mount Washington Wilderness,2010-2019,2015,R6_2015142,P102&127 15-16,Plagla,1,1,7/12/2015,206.63,UMN_RAL,,
1725,6,2005,95507 41 43,1102152,,Willamette NF,,2000-2009,2005,R6_2005112,P071 05-06,Plagla,1,2,8/15/2005,206.7,UMN_RAL,,
1725,6,2005,95507 41 43,1102152,,Willamette NF,,2000-2009,2005,R6_2005112,P071 05-06,Plagla,1,1,8/15/2005,209.2,UMN_RAL,,
1192,6,2005,67701 41 19,1064132,,Willamette NF,,2000-2009,2005,R6_2005223,P071 05-06,Plagla,1,1,7/5/2005,219.9,UMN_RAL,,
1654,6,2005,79808 41 17,1094168,,Willamette NF,Three Sisters Wilderness,2000-2009,2005,R6_2005025,P071 05-06,Letvul,2,1,8/23/2005,591.8,UMN_RAL,,
1654,6,2005,79808 41 17,1094168,,Willamette NF,Three Sisters Wilderness,2000-2009,2005,R6_2005497,P071 05-06,Letvul,1,1,8/23/2005,653.5,UMN_RAL,,
1828,6,2005,88315 41 43,1116148,,Willamette NF,,2000-2009,2005,R6_2005349,P071 05-06,Plagla,1,1,6/7/2005,716.6,UMN_RAL,,
5901,6,2018,79922 41 35,79922 41 35,1048188,Winema NF,,2010-2019,2018,R6_2018078,P089 18-19,Letvul,1,1,43294,175.84,UMN_RAL,,
5905,6,2018,85667 41 35,85667 41 35,1050176,Winema NF,,2010-2019,2018,R6_2018091,P089 18-19,Letvul,1,1,43659,354.03,UMN_RAL,,